Date	Open	High	Low	Close	Volume
10/5/2026 09:30:00	80.9550	81.0400	80.8500	80.9400	4628224
10/5/2026 09:31:00	80.9400	81.3698	80.9300	81.3698	487390
10/5/2026 09:32:00	81.3600	81.4976	81.3399	81.4400	409559
10/5/2026 09:33:00	81.4400	81.6350	81.4010	81.6350	286733
10/5/2026 09:34:00	81.6200	81.7450	81.6099	81.7250	218410
10/5/2026 09:35:00	81.7200	81.7650	81.6200	81.7523	321908
10/5/2026 09:36:00	81.7684	81.7700	81.6100	81.6900	210981
10/5/2026 09:37:00	81.6850	81.8100	81.6850	81.7501	288759
10/5/2026 09:38:00	81.7722	81.8495	81.7100	81.8050	184348
10/5/2026 09:39:00	81.7800	81.8600	81.7699	81.8200	139464
10/5/2026 09:40:00	81.8350	81.8750	81.7900	81.8750	208454
10/5/2026 09:41:00	81.8700	82.0800	81.8400	82.0577	407126
10/5/2026 09:42:00	82.0506	82.1100	82.0100	82.0908	301129
10/5/2026 09:43:00	82.1000	82.1500	81.9700	82.0000	248366
10/5/2026 09:44:00	82.0000	82.0700	81.9200	82.0700	436632
10/5/2026 09:45:00	82.0800	82.2650	82.0100	82.0400	428077
10/5/2026 09:46:00	82.0250	82.0250	81.7600	81.8110	347293
10/5/2026 09:47:00	81.8200	81.9500	81.7900	81.8888	174923
10/5/2026 09:48:00	81.9100	81.9400	81.8000	81.8100	117161
10/5/2026 09:49:00	81.8200	81.9100	81.7220	81.7950	185349
10/5/2026 09:50:00	81.8050	81.9099	81.6800	81.9000	173834
10/5/2026 09:51:00	81.9183	81.9850	81.8700	81.9250	130672
10/5/2026 09:52:00	81.9250	81.9250	81.8102	81.8102	100914
10/5/2026 09:53:00	81.8300	81.8400	81.7280	81.7502	117053
10/5/2026 09:54:00	81.7550	81.9284	81.7401	81.8301	184327
10/5/2026 09:55:00	81.8100	81.8800	81.8000	81.8401	74615
10/5/2026 09:56:00	81.8400	81.8900	81.7376	81.8300	116506
10/5/2026 09:57:00	81.8200	81.8400	81.7200	81.7650	70700
10/5/2026 09:58:00	81.7800	81.8200	81.6500	81.6550	125451
10/5/2026 09:59:00	81.6500	81.7495	81.6100	81.6950	142219
10/5/2026 10:00:00	81.6700	81.7099	81.3902	81.4800	322474
10/5/2026 10:01:00	81.4550	81.7200	81.4300	81.6490	155713
10/5/2026 10:02:00	81.6487	81.7000	81.5618	81.6001	170469
10/5/2026 10:03:00	81.6101	81.6600	81.5700	81.6600	77010
10/5/2026 10:04:00	81.6550	81.7900	81.6327	81.6500	152351
10/5/2026 10:05:00	81.6500	81.7400	81.6500	81.7300	85169
10/5/2026 10:06:00	81.7500	81.7700	81.6550	81.6700	116360
10/5/2026 10:07:00	81.6500	81.7299	81.6100	81.6950	61154
10/5/2026 10:08:00	81.6700	81.9000	81.6300	81.8200	330513
10/5/2026 10:09:00	81.8250	81.8699	81.7100	81.8650	156965
10/5/2026 10:10:00	81.8700	81.9099	81.7305	81.7800	160549
10/5/2026 10:11:00	81.7700	81.8900	81.7450	81.8862	83972
10/5/2026 10:12:00	81.8900	81.9900	81.8725	81.9500	228738
10/5/2026 10:13:00	81.9401	81.9450	81.8601	81.9350	124654
10/5/2026 10:14:00	81.9250	81.9300	81.8800	81.8801	70166
10/5/2026 10:15:00	81.8900	82.0183	81.8600	82.0000	228415
10/5/2026 10:16:00	81.9900	82.1399	81.9801	82.0904	250657
10/5/2026 10:17:00	82.1024	82.1650	82.0400	82.0800	165234
10/5/2026 10:18:00	82.0900	82.0900	81.9750	82.0190	141666
10/5/2026 10:19:00	82.0350	82.1100	82.0205	82.0805	86555
10/5/2026 10:20:00	82.0968	82.2000	82.0800	82.1950	93207
10/5/2026 10:21:00	82.2000	82.2500	82.1700	82.2250	145358
10/5/2026 10:22:00	82.2250	82.3400	82.2101	82.2699	211758
10/5/2026 10:23:00	82.2700	82.3150	82.2200	82.2650	125442
10/5/2026 10:24:00	82.2665	82.3100	82.2500	82.3100	119893
10/5/2026 10:25:00	82.2950	82.3599	82.2550	82.3599	106713
10/5/2026 10:26:00	82.3550	82.4200	82.3399	82.3499	202517
10/5/2026 10:27:00	82.3472	82.3650	82.2801	82.3100	117664
10/5/2026 10:28:00	82.3033	82.3600	82.2300	82.2564	165397
10/5/2026 10:29:00	82.2500	82.3267	82.2500	82.3151	64603
10/5/2026 10:30:00	82.3100	82.3400	82.1200	82.1620	187415
10/5/2026 10:31:00	82.1600	82.1650	82.0700	82.1450	110517
10/5/2026 10:32:00	82.1400	82.1400	82.0499	82.0640	60802
10/5/2026 10:33:00	82.0801	82.1268	81.9900	82.0103	87133
10/5/2026 10:34:00	82.0130	82.0850	82.0100	82.0801	43246
10/5/2026 10:35:00	82.0900	82.1200	82.0600	82.1000	84572
10/5/2026 10:36:00	82.1050	82.1199	82.0100	82.0200	97833
10/5/2026 10:37:00	82.0400	82.2099	82.0400	82.1450	121499
10/5/2026 10:38:00	82.1400	82.1700	82.1131	82.1600	85895
10/5/2026 10:39:00	82.1600	82.1660	82.0700	82.1495	77261
10/5/2026 10:40:00	82.1450	82.1650	82.0801	82.1650	40062
10/5/2026 10:41:00	82.1897	82.2100	82.1500	82.1900	91840
10/5/2026 10:42:00	82.1850	82.1906	82.0932	82.1550	56432
10/5/2026 10:43:00	82.1600	82.1900	82.1050	82.1150	49142
10/5/2026 10:44:00	82.1150	82.1550	82.0850	82.0950	53132
10/5/2026 10:45:00	82.0997	82.1500	82.0800	82.1500	59693
10/5/2026 10:46:00	82.1500	82.2400	82.1450	82.1950	103949
10/5/2026 10:47:00	82.2067	82.2250	82.1550	82.2200	49401
10/5/2026 10:48:00	82.2400	82.2792	82.1824	82.2000	92347
10/5/2026 10:49:00	82.1950	82.2850	82.1905	82.2750	75519
10/5/2026 10:50:00	82.2700	82.3000	82.2500	82.2773	77890
10/5/2026 10:51:00	82.2700	82.3000	82.1700	82.2500	154654
10/5/2026 10:52:00	82.2600	82.2889	82.2300	82.2600	79501
10/5/2026 10:53:00	82.2840	82.3499	82.2840	82.3350	75251
10/5/2026 10:54:00	82.3400	82.3580	82.2973	82.3250	54948
10/5/2026 10:55:00	82.3400	82.3466	82.2001	82.2450	92817
10/5/2026 10:56:00	82.2600	82.3000	82.2522	82.2700	47707
10/5/2026 10:57:00	82.2850	82.4350	82.2831	82.4287	109989
10/5/2026 10:58:00	82.4250	82.4700	82.4000	82.4100	120621
10/5/2026 10:59:00	82.3930	82.4300	82.3888	82.4211	66951
10/5/2026 11:00:00	82.4233	82.4700	82.3900	82.4399	86684
10/5/2026 11:01:00	82.4300	82.4700	82.4150	82.4450	49020
10/5/2026 11:02:00	82.4599	82.4650	82.3800	82.4099	40667
10/5/2026 11:03:00	82.4099	82.4450	82.3300	82.3500	88862
10/5/2026 11:04:00	82.3600	82.4364	82.3401	82.4313	62922
10/5/2026 11:05:00	82.4300	82.4399	82.3500	82.3550	44125
10/5/2026 11:06:00	82.3550	82.3600	82.2850	82.2964	78301
10/5/2026 11:07:00	82.2900	82.3298	82.2100	82.3298	106207
10/5/2026 11:08:00	82.3399	82.3500	82.2600	82.2800	38551
10/5/2026 11:09:00	82.2900	82.2973	82.2000	82.2150	25540
10/5/2026 11:10:00	82.2200	82.2690	82.1820	82.2690	67768
10/5/2026 11:11:00	82.2600	82.2850	82.1800	82.1839	44775
10/5/2026 11:12:00	82.1800	82.2340	82.1700	82.1700	61251
10/5/2026 11:13:00	82.1790	82.1913	82.1100	82.1589	125816
10/5/2026 11:14:00	82.1550	82.2700	82.1400	82.2650	53288
10/5/2026 11:15:00	82.2599	82.2900	82.1500	82.1710	84877
10/5/2026 11:16:00	82.1850	82.2300	82.1224	82.2195	37248
10/5/2026 11:17:00	82.2150	82.3000	82.2150	82.2850	49878
10/5/2026 11:18:00	82.2900	82.3001	82.2300	82.2550	26794
10/5/2026 11:19:00	82.2501	82.3000	82.2460	82.2950	24715
10/5/2026 11:20:00	82.3005	82.3400	82.2850	82.3150	125949
10/5/2026 11:21:00	82.3099	82.3100	82.2500	82.2750	36106
10/5/2026 11:22:00	82.2701	82.3050	82.2000	82.2550	58312
10/5/2026 11:23:00	82.2450	82.3100	82.2400	82.2940	49481
10/5/2026 11:24:00	82.3050	82.3799	82.3050	82.3350	86342
10/5/2026 11:25:00	82.3600	82.3600	82.3000	82.3050	77360
10/5/2026 11:26:00	82.3001	82.3100	82.2350	82.2350	26498
10/5/2026 11:27:00	82.2300	82.2350	82.1599	82.2350	86313
10/5/2026 11:28:00	82.2350	82.2500	82.2200	82.2350	36425
10/5/2026 11:29:00	82.2303	82.3150	82.2301	82.2850	37702
10/5/2026 11:30:00	82.2801	82.3350	82.2801	82.2999	39000
10/5/2026 11:31:00	82.3000	82.3400	82.2650	82.2669	43647
10/5/2026 11:32:00	82.2601	82.3150	82.2500	82.3100	25001
10/5/2026 11:33:00	82.2750	82.2750	82.2200	82.2750	21683
10/5/2026 11:34:00	82.2600	82.2667	82.1900	82.2110	49008
10/5/2026 11:35:00	82.2450	82.2450	82.1700	82.1750	51442
10/5/2026 11:36:00	82.1700	82.1900	82.1450	82.1795	63597
10/5/2026 11:37:00	82.1850	82.2300	82.1403	82.2000	43615
10/5/2026 11:38:00	82.1950	82.2300	82.1850	82.2200	26181
10/5/2026 11:39:00	82.2199	82.2300	82.1900	82.2100	14266
10/5/2026 11:40:00	82.2050	82.2250	82.1501	82.1800	53401
10/5/2026 11:41:00	82.2000	82.3150	82.1900	82.3150	104998
10/5/2026 11:42:00	82.3200	82.3500	82.2801	82.3250	71567
10/5/2026 11:43:00	82.3399	82.4100	82.3300	82.3900	89033
10/5/2026 11:44:00	82.4090	82.4090	82.3401	82.3501	34659
10/5/2026 11:45:00	82.3536	82.3651	82.2600	82.2617	65081
10/5/2026 11:46:00	82.2799	82.2800	82.2000	82.2600	32460
10/5/2026 11:47:00	82.2550	82.3051	82.2450	82.3051	35830
10/5/2026 11:48:00	82.3100	82.3600	82.3100	82.3401	58253
10/5/2026 11:49:00	82.3450	82.3894	82.3450	82.3894	38035
10/5/2026 11:50:00	82.3799	82.3800	82.3303	82.3750	20294
10/5/2026 11:51:00	82.3700	82.4070	82.3300	82.4050	30779
10/5/2026 11:52:00	82.3929	82.4200	82.3450	82.3700	41346
10/5/2026 11:53:00	82.3700	82.3950	82.3541	82.3600	23434
10/5/2026 11:54:00	82.3600	82.4150	82.3477	82.3701	42522
10/5/2026 11:55:00	82.3770	82.3770	82.3400	82.3512	31671
10/5/2026 11:56:00	82.3550	82.3600	82.3302	82.3500	20235
10/5/2026 11:57:00	82.3600	82.3899	82.3400	82.3601	25031
10/5/2026 11:58:00	82.3650	82.3750	82.3200	82.3750	47799
10/5/2026 11:59:00	82.3700	82.3700	82.3300	82.3302	17452
10/5/2026 12:00:00	82.3200	82.3200	82.2600	82.2799	54927
10/5/2026 12:01:00	82.2713	82.2962	82.2600	82.2850	39724
10/5/2026 12:02:00	82.2950	82.3200	82.2520	82.2695	38678
10/5/2026 12:03:00	82.2601	82.2610	82.1700	82.1800	84491
10/5/2026 12:04:00	82.2200	82.2400	82.2099	82.2300	31876
10/5/2026 12:05:00	82.2280	82.2700	82.2200	82.2700	29116
10/5/2026 12:06:00	82.2550	82.2750	82.2250	82.2582	17615
10/5/2026 12:07:00	82.2574	82.2700	82.1900	82.1999	33499
10/5/2026 12:08:00	82.1951	82.2368	82.1850	82.2368	19420
10/5/2026 12:09:00	82.2350	82.2900	82.2220	82.2900	29045
10/5/2026 12:10:00	82.2700	82.2900	82.2250	82.2250	12215
10/5/2026 12:11:00	82.2301	82.2398	82.2100	82.2200	25512
10/5/2026 12:12:00	82.2150	82.2300	82.2000	82.2300	12199
10/5/2026 12:13:00	82.2200	82.2400	82.2050	82.2295	11496
10/5/2026 12:14:00	82.2050	82.2050	82.1750	82.1800	20857
10/5/2026 12:15:00	82.1860	82.1860	82.0932	82.1150	108331
10/5/2026 12:16:00	82.1150	82.1500	82.0950	82.1200	36909
10/5/2026 12:17:00	82.1400	82.1500	82.0750	82.0802	42847
10/5/2026 12:18:00	82.0950	82.1100	82.0700	82.1100	38341
10/5/2026 12:19:00	82.1000	82.1400	82.0800	82.0900	34706
10/5/2026 12:20:00	82.0850	82.1119	82.0820	82.0850	12865
10/5/2026 12:21:00	82.0850	82.1300	82.0690	82.1200	47927
10/5/2026 12:22:00	82.1350	82.1999	82.1300	82.1900	43739
10/5/2026 12:23:00	82.1823	82.3201	82.1620	82.3100	96509
10/5/2026 12:24:00	82.3100	82.3700	82.3100	82.3338	115971
10/5/2026 12:25:00	82.3373	82.3499	82.3000	82.3250	61335
10/5/2026 12:26:00	82.3200	82.3750	82.3200	82.3550	26315
10/5/2026 12:27:00	82.3550	82.3699	82.3299	82.3550	29864
10/5/2026 12:28:00	82.3523	82.3910	82.3523	82.3700	31940
10/5/2026 12:29:00	82.3641	82.3900	82.3501	82.3550	19820
10/5/2026 12:30:00	82.3650	82.3800	82.3400	82.3550	21601
10/5/2026 12:31:00	82.3583	82.3650	82.3200	82.3350	46374
10/5/2026 12:32:00	82.3150	82.3370	82.3050	82.3228	15613
10/5/2026 12:33:00	82.3399	82.3800	82.3399	82.3763	29892
10/5/2026 12:34:00	82.3731	82.4100	82.3731	82.3900	39335
10/5/2026 12:35:00	82.4000	82.4500	82.4000	82.4399	62945
10/5/2026 12:36:00	82.4400	82.4800	82.4200	82.4300	60471
10/5/2026 12:37:00	82.4235	82.4300	82.4000	82.4050	31627
10/5/2026 12:38:00	82.4060	82.4550	82.4050	82.4500	44357
10/5/2026 12:39:00	82.4401	82.4499	82.4140	82.4201	15779
10/5/2026 12:40:00	82.4250	82.4426	82.4201	82.4400	11744
10/5/2026 12:41:00	82.4500	82.5200	82.4500	82.4750	145034
10/5/2026 12:42:00	82.4750	82.5050	82.4650	82.5050	38082
10/5/2026 12:43:00	82.5050	82.5800	82.4950	82.5627	68917
10/5/2026 12:44:00	82.5700	82.6000	82.5536	82.5850	84965
10/5/2026 12:45:00	82.5840	82.5900	82.5450	82.5699	80274
10/5/2026 12:46:00	82.5583	82.5600	82.5150	82.5150	54510
10/5/2026 12:47:00	82.5200	82.5250	82.4800	82.4824	61800
10/5/2026 12:48:00	82.4801	82.5000	82.4500	82.5000	48350
10/5/2026 12:49:00	82.4939	82.5461	82.4939	82.5250	52016
10/5/2026 12:50:00	82.5300	82.5661	82.5100	82.5600	22190
10/5/2026 12:51:00	82.5650	82.6000	82.5450	82.5700	54788
10/5/2026 12:52:00	82.5623	82.5700	82.5430	82.5699	19800
10/5/2026 12:53:00	82.5650	82.6200	82.5500	82.5900	127128
10/5/2026 12:54:00	82.6000	82.6276	82.5631	82.5650	36905
10/5/2026 12:55:00	82.5550	82.5631	82.4901	82.5050	42568
10/5/2026 12:56:00	82.5050	82.5600	82.4900	82.5050	171869
10/5/2026 12:57:00	82.5050	82.5199	82.4650	82.4699	21094
10/5/2026 12:58:00	82.4705	82.4800	82.4506	82.4701	31124
10/5/2026 12:59:00	82.4780	82.4960	82.4212	82.4350	70199
10/5/2026 13:00:00	82.4500	82.4550	82.3700	82.4200	116676
10/5/2026 13:01:00	82.4300	82.4700	82.4100	82.4550	26238
10/5/2026 13:02:00	82.4550	82.4550	82.3899	82.3899	26765
10/5/2026 13:03:00	82.3850	82.4099	82.3850	82.4050	7858
10/5/2026 13:04:00	82.4050	82.4250	82.3500	82.3550	69429
10/5/2026 13:05:00	82.3550	82.3860	82.3300	82.3700	46988
10/5/2026 13:06:00	82.3807	82.4300	82.3807	82.4200	34133
10/5/2026 13:07:00	82.4097	82.4560	82.4097	82.4499	66176
10/5/2026 13:08:00	82.4500	82.4600	82.4100	82.4600	46214
10/5/2026 13:09:00	82.4600	82.5013	82.4550	82.4729	57069
10/5/2026 13:10:00	82.4800	82.5300	82.4800	82.5250	71027
10/5/2026 13:11:00	82.5200	82.5376	82.5003	82.5350	35799
10/5/2026 13:12:00	82.5350	82.5600	82.5200	82.5300	28060
10/5/2026 13:13:00	82.5400	82.5700	82.5350	82.5650	26874
10/5/2026 13:14:00	82.5600	82.5667	82.5400	82.5650	24894
10/5/2026 13:15:00	82.5600	82.6200	82.5600	82.6167	44553
10/5/2026 13:16:00	82.6250	82.6600	82.6000	82.6500	76421
10/5/2026 13:17:00	82.6564	82.6564	82.5800	82.6000	70351
10/5/2026 13:18:00	82.5950	82.6199	82.5800	82.5900	25705
10/5/2026 13:19:00	82.5900	82.6001	82.5828	82.5950	17616
10/5/2026 13:20:00	82.6000	82.6369	82.6000	82.6150	24247
10/5/2026 13:21:00	82.6150	82.6300	82.6000	82.6030	10844
10/5/2026 13:22:00	82.6050	82.6500	82.6050	82.6399	31134
10/5/2026 13:23:00	82.6350	82.6600	82.6250	82.6450	18380
10/5/2026 13:24:00	82.6499	82.6660	82.6423	82.6605	33032
10/5/2026 13:25:00	82.6700	82.7200	82.6400	82.6499	87862
10/5/2026 13:26:00	82.6450	82.6600	82.6200	82.6250	20060
10/5/2026 13:27:00	82.6250	82.6498	82.6100	82.6300	18508
10/5/2026 13:28:00	82.6200	82.6700	82.6200	82.6600	20908
10/5/2026 13:29:00	82.6599	82.6664	82.6400	82.6460	17494
10/5/2026 13:30:00	82.6400	82.6499	82.5800	82.5950	70955
10/5/2026 13:31:00	82.6000	82.6350	82.6000	82.6350	36167
10/5/2026 13:32:00	82.6400	82.6700	82.6241	82.6433	29030
10/5/2026 13:33:00	82.6550	82.6564	82.6201	82.6399	13571
10/5/2026 13:34:00	82.6461	82.6700	82.6438	82.6500	19348
10/5/2026 13:35:00	82.6550	82.6750	82.6400	82.6750	18724
10/5/2026 13:36:00	82.6750	82.7050	82.6710	82.6780	39660
10/5/2026 13:37:00	82.6800	82.7199	82.6800	82.7100	34698
10/5/2026 13:38:00	82.7000	82.7050	82.6701	82.6800	35394
10/5/2026 13:39:00	82.6850	82.6899	82.6350	82.6450	56711
10/5/2026 13:40:00	82.6450	82.6450	82.6101	82.6245	22744
10/5/2026 13:41:00	82.6250	82.6799	82.6250	82.6713	29473
10/5/2026 13:42:00	82.6750	82.7000	82.6635	82.6800	31018
10/5/2026 13:43:00	82.6750	82.7400	82.6744	82.7327	74436
10/5/2026 13:44:00	82.7400	82.9101	82.7400	82.9100	242323
10/5/2026 13:45:00	82.9100	82.9650	82.8899	82.8899	137849
10/5/2026 13:46:00	82.8900	82.8900	82.8500	82.8650	54764
10/5/2026 13:47:00	82.8600	82.8600	82.8150	82.8250	64937
10/5/2026 13:48:00	82.8250	82.8599	82.8000	82.8450	109463
10/5/2026 13:49:00	82.8450	82.8450	82.8150	82.8300	33742
10/5/2026 13:50:00	82.8286	82.8600	82.8150	82.8160	28866
10/5/2026 13:51:00	82.8174	82.8478	82.7950	82.7950	39685
10/5/2026 13:52:00	82.7950	82.8200	82.7850	82.7950	35169
10/5/2026 13:53:00	82.8040	82.8800	82.8003	82.8650	43011
10/5/2026 13:54:00	82.8700	82.8700	82.8100	82.8199	18688
10/5/2026 13:55:00	82.8001	82.8200	82.7950	82.8150	15666
10/5/2026 13:56:00	82.8200	82.8300	82.8072	82.8299	18189
10/5/2026 13:57:00	82.8350	82.8401	82.8100	82.8100	21015
10/5/2026 13:58:00	82.8100	82.8201	82.8000	82.8100	23451
10/5/2026 13:59:00	82.8100	82.8150	82.7801	82.7925	47648
10/5/2026 14:00:00	82.8000	82.8150	82.7400	82.7500	85602
10/5/2026 14:01:00	82.7450	82.7750	82.7450	82.7650	44534
10/5/2026 14:02:00	82.7650	82.7900	82.7326	82.7850	46567
10/5/2026 14:03:00	82.8000	82.8000	82.7550	82.7800	20948
10/5/2026 14:04:00	82.7750	82.7900	82.7500	82.7899	47953
10/5/2026 14:05:00	82.7850	82.7899	82.6300	82.7150	209225
10/5/2026 14:06:00	82.7251	82.7400	82.7100	82.7100	16429
10/5/2026 14:07:00	82.7200	82.7300	82.7000	82.7250	33561
10/5/2026 14:08:00	82.7200	82.7550	82.7099	82.7400	16906
10/5/2026 14:09:00	82.7400	82.7700	82.7350	82.7700	24385
10/5/2026 14:10:00	82.7750	82.7800	82.7400	82.7400	31803
10/5/2026 14:11:00	82.7400	82.7550	82.7250	82.7450	21735
10/5/2026 14:12:00	82.7300	82.7350	82.7100	82.7250	12303
10/5/2026 14:13:00	82.7300	82.7376	82.7150	82.7300	19500
10/5/2026 14:14:00	82.7400	82.7500	82.7250	82.7437	29825
10/5/2026 14:15:00	82.7500	82.7899	82.7450	82.7800	56060
10/5/2026 14:16:00	82.7899	82.8200	82.7801	82.8040	38175
10/5/2026 14:17:00	82.8100	82.8400	82.8100	82.8400	25884
10/5/2026 14:18:00	82.8350	82.8400	82.8032	82.8101	34736
10/5/2026 14:19:00	82.8100	82.8200	82.7900	82.8100	28147
10/5/2026 14:20:00	82.8065	82.8250	82.8050	82.8100	21760
10/5/2026 14:21:00	82.8112	82.8800	82.8112	82.8701	37321
10/5/2026 14:22:00	82.8699	82.8799	82.8341	82.8400	31808
10/5/2026 14:23:00	82.8301	82.8500	82.8200	82.8350	10292
10/5/2026 14:24:00	82.8299	82.8467	82.8299	82.8450	13177
10/5/2026 14:25:00	82.8498	82.8600	82.8300	82.8300	13520
10/5/2026 14:26:00	82.8360	82.8800	82.8300	82.8750	40179
10/5/2026 14:27:00	82.8799	82.9399	82.8700	82.9200	57276
10/5/2026 14:28:00	82.9400	83.0000	82.9237	82.9550	142365
10/5/2026 14:29:00	82.9550	82.9799	82.9200	82.9350	53881
10/5/2026 14:30:00	82.9400	82.9599	82.9050	82.9599	58177
10/5/2026 14:31:00	82.9601	82.9601	82.8941	82.9050	22824
10/5/2026 14:32:00	82.9050	82.9350	82.8800	82.9200	53613
10/5/2026 14:33:00	82.9200	82.9350	82.9050	82.9300	20622
10/5/2026 14:34:00	82.9250	82.9361	82.9100	82.9205	18411
10/5/2026 14:35:00	82.9280	82.9600	82.9280	82.9600	40065
10/5/2026 14:36:00	82.9550	82.9800	82.9450	82.9450	56906
10/5/2026 14:37:00	82.9350	82.9350	82.8900	82.9196	56440
10/5/2026 14:38:00	82.9150	82.9200	82.8950	82.9103	43755
10/5/2026 14:39:00	82.9050	82.9550	82.9050	82.9500	33373
10/5/2026 14:40:00	82.9500	82.9558	82.9299	82.9550	24526
10/5/2026 14:41:00	82.9600	82.9800	82.9400	82.9500	40485
10/5/2026 14:42:00	82.9550	82.9700	82.9478	82.9650	19419
10/5/2026 14:43:00	82.9662	82.9662	82.9100	82.9150	27265
10/5/2026 14:44:00	82.9150	82.9265	82.9050	82.9265	28446
10/5/2026 14:45:00	82.9200	82.9364	82.9139	82.9199	28200
10/5/2026 14:46:00	82.9350	82.9350	82.9350	82.9350	0
