Date	Value
1/8/1971 16:00:00	0.600
1/15/1971 16:00:00	0.632
1/22/1971 16:00:00	0.670
1/29/1971 16:00:00	0.710
2/5/1971 16:00:00	0.753
2/12/1971 16:00:00	0.796
2/19/1971 16:00:00	0.838
2/26/1971 16:00:00	0.879
3/5/1971 16:00:00	0.922
3/12/1971 16:00:00	0.967
3/19/1971 16:00:00	1.019
3/26/1971 16:00:00	1.078
4/2/1971 16:00:00	1.145
4/9/1971 16:00:00	1.218
4/16/1971 16:00:00	1.294
4/23/1971 16:00:00	1.365
4/30/1971 16:00:00	1.425
5/7/1971 16:00:00	1.465
5/14/1971 16:00:00	1.477
5/21/1971 16:00:00	1.456
5/28/1971 16:00:00	1.403
6/4/1971 16:00:00	1.322
6/11/1971 16:00:00	1.222
6/18/1971 16:00:00	1.119
6/25/1971 16:00:00	1.030
7/2/1971 16:00:00	0.971
7/9/1971 16:00:00	0.959
7/16/1971 16:00:00	1.001
7/23/1971 16:00:00	1.102
7/30/1971 16:00:00	1.255
8/6/1971 16:00:00	1.447
8/13/1971 16:00:00	1.657
8/20/1971 16:00:00	1.862
8/27/1971 16:00:00	2.038
9/3/1971 16:00:00	2.168
9/10/1971 16:00:00	2.238
9/17/1971 16:00:00	2.248
9/24/1971 16:00:00	2.200
10/1/1971 16:00:00	2.106
10/8/1971 16:00:00	1.979
10/15/1971 16:00:00	1.839
10/22/1971 16:00:00	1.700
10/29/1971 16:00:00	1.578
11/5/1971 16:00:00	1.482
11/12/1971 16:00:00	1.416
11/19/1971 16:00:00	1.378
11/26/1971 16:00:00	1.363
12/3/1971 16:00:00	1.362
12/10/1971 16:00:00	1.366
12/17/1971 16:00:00	1.365
12/24/1971 16:00:00	1.349
12/31/1971 16:00:00	1.317
1/7/1972 16:00:00	1.259
1/14/1972 16:00:00	1.183
1/21/1972 16:00:00	1.091
1/28/1972 16:00:00	0.989
2/4/1972 16:00:00	0.885
2/11/1972 16:00:00	0.784
2/18/1972 16:00:00	0.691
2/25/1972 16:00:00	0.608
3/3/1972 16:00:00	0.536
3/10/1972 16:00:00	0.477
3/17/1972 16:00:00	0.426
3/24/1972 16:00:00	0.382
3/31/1972 16:00:00	0.340
4/7/1972 16:00:00	0.296
4/14/1972 16:00:00	0.250
4/21/1972 16:00:00	0.201
4/28/1972 16:00:00	0.153
5/5/1972 16:00:00	0.108
5/12/1972 16:00:00	0.070
5/19/1972 16:00:00	0.043
5/26/1972 16:00:00	0.033
6/2/1972 16:00:00	0.040
6/9/1972 16:00:00	0.066
6/16/1972 16:00:00	0.107
6/23/1972 16:00:00	0.160
6/30/1972 16:00:00	0.216
7/7/1972 16:00:00	0.268
7/14/1972 16:00:00	0.310
7/21/1972 16:00:00	0.334
7/28/1972 16:00:00	0.337
8/4/1972 16:00:00	0.319
8/11/1972 16:00:00	0.280
8/18/1972 16:00:00	0.224
8/25/1972 16:00:00	0.159
9/1/1972 16:00:00	0.089
9/8/1972 16:00:00	0.024
9/15/1972 16:00:00	-0.033
9/22/1972 16:00:00	-0.079
9/29/1972 16:00:00	-0.112
10/6/1972 16:00:00	-0.136
10/13/1972 16:00:00	-0.152
10/20/1972 16:00:00	-0.165
10/27/1972 16:00:00	-0.177
11/3/1972 16:00:00	-0.192
11/10/1972 16:00:00	-0.210
11/17/1972 16:00:00	-0.230
11/24/1972 16:00:00	-0.252
12/1/1972 16:00:00	-0.270
12/8/1972 16:00:00	-0.280
12/15/1972 16:00:00	-0.278
12/22/1972 16:00:00	-0.257
12/29/1972 16:00:00	-0.211
1/5/1973 16:00:00	-0.138
1/12/1973 16:00:00	-0.036
1/19/1973 16:00:00	0.094
1/26/1973 16:00:00	0.246
2/2/1973 16:00:00	0.415
2/9/1973 16:00:00	0.590
2/16/1973 16:00:00	0.760
2/23/1973 16:00:00	0.916
3/2/1973 16:00:00	1.048
3/9/1973 16:00:00	1.151
3/16/1973 16:00:00	1.222
3/23/1973 16:00:00	1.265
3/30/1973 16:00:00	1.282
4/6/1973 16:00:00	1.279
4/13/1973 16:00:00	1.262
4/20/1973 16:00:00	1.237
4/27/1973 16:00:00	1.209
5/4/1973 16:00:00	1.180
5/11/1973 16:00:00	1.156
5/18/1973 16:00:00	1.137
5/25/1973 16:00:00	1.126
6/1/1973 16:00:00	1.125
6/8/1973 16:00:00	1.139
6/15/1973 16:00:00	1.169
6/22/1973 16:00:00	1.218
6/29/1973 16:00:00	1.287
7/6/1973 16:00:00	1.375
7/13/1973 16:00:00	1.482
7/20/1973 16:00:00	1.602
7/27/1973 16:00:00	1.733
8/3/1973 16:00:00	1.865
8/10/1973 16:00:00	1.995
8/17/1973 16:00:00	2.116
8/24/1973 16:00:00	2.224
8/31/1973 16:00:00	2.312
9/7/1973 16:00:00	2.376
9/14/1973 16:00:00	2.415
9/21/1973 16:00:00	2.427
9/28/1973 16:00:00	2.416
10/5/1973 16:00:00	2.383
10/12/1973 16:00:00	2.338
10/19/1973 16:00:00	2.285
10/26/1973 16:00:00	2.233
11/2/1973 16:00:00	2.189
11/9/1973 16:00:00	2.155
11/16/1973 16:00:00	2.133
11/23/1973 16:00:00	2.115
11/30/1973 16:00:00	2.094
12/7/1973 16:00:00	2.055
12/14/1973 16:00:00	1.992
12/21/1973 16:00:00	1.897
12/28/1973 16:00:00	1.768
1/4/1974 16:00:00	1.607
1/11/1974 16:00:00	1.424
1/18/1974 16:00:00	1.228
1/25/1974 16:00:00	1.032
2/1/1974 16:00:00	0.848
2/8/1974 16:00:00	0.687
2/15/1974 16:00:00	0.561
2/22/1974 16:00:00	0.477
3/1/1974 16:00:00	0.440
3/8/1974 16:00:00	0.455
3/15/1974 16:00:00	0.524
3/22/1974 16:00:00	0.645
3/29/1974 16:00:00	0.816
4/5/1974 16:00:00	1.032
4/12/1974 16:00:00	1.290
4/19/1974 16:00:00	1.582
4/26/1974 16:00:00	1.904
5/3/1974 16:00:00	2.247
5/10/1974 16:00:00	2.606
5/17/1974 16:00:00	2.975
5/24/1974 16:00:00	3.342
5/31/1974 16:00:00	3.702
6/7/1974 16:00:00	4.046
6/14/1974 16:00:00	4.363
6/21/1974 16:00:00	4.645
6/28/1974 16:00:00	4.879
7/5/1974 16:00:00	5.057
7/12/1974 16:00:00	5.173
7/19/1974 16:00:00	5.224
7/26/1974 16:00:00	5.217
8/2/1974 16:00:00	5.161
8/9/1974 16:00:00	5.064
8/16/1974 16:00:00	4.941
8/23/1974 16:00:00	4.800
8/30/1974 16:00:00	4.650
9/6/1974 16:00:00	4.495
9/13/1974 16:00:00	4.337
9/20/1974 16:00:00	4.175
9/27/1974 16:00:00	4.007
10/4/1974 16:00:00	3.832
10/11/1974 16:00:00	3.650
10/18/1974 16:00:00	3.468
10/25/1974 16:00:00	3.296
11/1/1974 16:00:00	3.140
11/8/1974 16:00:00	3.006
11/15/1974 16:00:00	2.898
11/22/1974 16:00:00	2.811
11/29/1974 16:00:00	2.740
12/6/1974 16:00:00	2.678
12/13/1974 16:00:00	2.614
12/20/1974 16:00:00	2.542
12/27/1974 16:00:00	2.453
1/3/1975 16:00:00	2.343
1/10/1975 16:00:00	2.212
1/17/1975 16:00:00	2.064
1/24/1975 16:00:00	1.904
1/31/1975 16:00:00	1.739
2/7/1975 16:00:00	1.575
2/14/1975 16:00:00	1.418
2/21/1975 16:00:00	1.270
2/28/1975 16:00:00	1.133
3/7/1975 16:00:00	1.007
3/14/1975 16:00:00	0.891
3/21/1975 16:00:00	0.784
3/28/1975 16:00:00	0.682
4/4/1975 16:00:00	0.584
4/11/1975 16:00:00	0.487
4/18/1975 16:00:00	0.391
4/25/1975 16:00:00	0.297
5/2/1975 16:00:00	0.207
5/9/1975 16:00:00	0.122
5/16/1975 16:00:00	0.045
5/23/1975 16:00:00	-0.022
5/30/1975 16:00:00	-0.077
6/6/1975 16:00:00	-0.119
6/13/1975 16:00:00	-0.148
6/20/1975 16:00:00	-0.166
6/27/1975 16:00:00	-0.174
7/4/1975 16:00:00	-0.176
7/11/1975 16:00:00	-0.172
7/18/1975 16:00:00	-0.167
7/25/1975 16:00:00	-0.159
8/1/1975 16:00:00	-0.149
8/8/1975 16:00:00	-0.136
8/15/1975 16:00:00	-0.120
8/22/1975 16:00:00	-0.099
8/29/1975 16:00:00	-0.073
9/5/1975 16:00:00	-0.043
9/12/1975 16:00:00	-0.010
9/19/1975 16:00:00	0.025
9/26/1975 16:00:00	0.059
10/3/1975 16:00:00	0.091
10/10/1975 16:00:00	0.118
10/17/1975 16:00:00	0.138
10/24/1975 16:00:00	0.151
10/31/1975 16:00:00	0.154
11/7/1975 16:00:00	0.148
11/14/1975 16:00:00	0.131
11/21/1975 16:00:00	0.103
11/28/1975 16:00:00	0.064
12/5/1975 16:00:00	0.013
12/12/1975 16:00:00	-0.047
12/19/1975 16:00:00	-0.114
12/26/1975 16:00:00	-0.187
1/2/1976 16:00:00	-0.262
1/9/1976 16:00:00	-0.337
1/16/1976 16:00:00	-0.409
1/23/1976 16:00:00	-0.475
1/30/1976 16:00:00	-0.534
2/6/1976 16:00:00	-0.586
2/13/1976 16:00:00	-0.630
2/20/1976 16:00:00	-0.666
2/27/1976 16:00:00	-0.696
3/5/1976 16:00:00	-0.718
3/12/1976 16:00:00	-0.734
3/19/1976 16:00:00	-0.743
3/26/1976 16:00:00	-0.744
4/2/1976 16:00:00	-0.737
4/9/1976 16:00:00	-0.721
4/16/1976 16:00:00	-0.696
4/23/1976 16:00:00	-0.665
4/30/1976 16:00:00	-0.627
5/7/1976 16:00:00	-0.587
5/14/1976 16:00:00	-0.547
5/21/1976 16:00:00	-0.512
5/28/1976 16:00:00	-0.484
6/4/1976 16:00:00	-0.465
6/11/1976 16:00:00	-0.458
6/18/1976 16:00:00	-0.463
6/25/1976 16:00:00	-0.477
7/2/1976 16:00:00	-0.500
7/9/1976 16:00:00	-0.529
7/16/1976 16:00:00	-0.561
7/23/1976 16:00:00	-0.593
7/30/1976 16:00:00	-0.624
8/6/1976 16:00:00	-0.652
8/13/1976 16:00:00	-0.675
8/20/1976 16:00:00	-0.694
8/27/1976 16:00:00	-0.709
9/3/1976 16:00:00	-0.718
9/10/1976 16:00:00	-0.724
9/17/1976 16:00:00	-0.726
9/24/1976 16:00:00	-0.725
10/1/1976 16:00:00	-0.721
10/8/1976 16:00:00	-0.715
10/15/1976 16:00:00	-0.708
10/22/1976 16:00:00	-0.699
10/29/1976 16:00:00	-0.690
11/5/1976 16:00:00	-0.681
11/12/1976 16:00:00	-0.673
11/19/1976 16:00:00	-0.668
11/26/1976 16:00:00	-0.667
12/3/1976 16:00:00	-0.673
12/10/1976 16:00:00	-0.685
12/17/1976 16:00:00	-0.704
12/24/1976 16:00:00	-0.730
12/31/1976 16:00:00	-0.762
1/7/1977 16:00:00	-0.798
1/14/1977 16:00:00	-0.835
1/21/1977 16:00:00	-0.870
1/28/1977 16:00:00	-0.901
2/4/1977 16:00:00	-0.926
2/11/1977 16:00:00	-0.942
2/18/1977 16:00:00	-0.949
2/25/1977 16:00:00	-0.946
3/4/1977 16:00:00	-0.934
3/11/1977 16:00:00	-0.914
3/18/1977 16:00:00	-0.886
3/25/1977 16:00:00	-0.853
4/1/1977 16:00:00	-0.816
4/8/1977 16:00:00	-0.776
4/15/1977 16:00:00	-0.734
4/22/1977 16:00:00	-0.692
4/29/1977 16:00:00	-0.650
5/6/1977 16:00:00	-0.611
5/13/1977 16:00:00	-0.576
5/20/1977 16:00:00	-0.545
5/27/1977 16:00:00	-0.521
6/3/1977 16:00:00	-0.503
6/10/1977 16:00:00	-0.493
6/17/1977 16:00:00	-0.488
6/24/1977 16:00:00	-0.488
7/1/1977 16:00:00	-0.492
7/8/1977 16:00:00	-0.498
7/15/1977 16:00:00	-0.504
7/22/1977 16:00:00	-0.509
7/29/1977 16:00:00	-0.511
8/5/1977 16:00:00	-0.510
8/12/1977 16:00:00	-0.505
8/19/1977 16:00:00	-0.496
8/26/1977 16:00:00	-0.484
9/2/1977 16:00:00	-0.468
9/9/1977 16:00:00	-0.449
9/16/1977 16:00:00	-0.427
9/23/1977 16:00:00	-0.401
9/30/1977 16:00:00	-0.374
10/7/1977 16:00:00	-0.345
10/14/1977 16:00:00	-0.317
10/21/1977 16:00:00	-0.290
10/28/1977 16:00:00	-0.265
11/4/1977 16:00:00	-0.244
11/11/1977 16:00:00	-0.228
11/18/1977 16:00:00	-0.217
11/25/1977 16:00:00	-0.211
12/2/1977 16:00:00	-0.212
12/9/1977 16:00:00	-0.217
12/16/1977 16:00:00	-0.228
12/23/1977 16:00:00	-0.241
12/30/1977 16:00:00	-0.257
1/6/1978 16:00:00	-0.273
1/13/1978 16:00:00	-0.286
1/20/1978 16:00:00	-0.295
1/27/1978 16:00:00	-0.296
2/3/1978 16:00:00	-0.290
2/10/1978 16:00:00	-0.275
2/17/1978 16:00:00	-0.251
2/24/1978 16:00:00	-0.217
3/3/1978 16:00:00	-0.176
3/10/1978 16:00:00	-0.128
3/17/1978 16:00:00	-0.075
3/24/1978 16:00:00	-0.018
3/31/1978 16:00:00	0.042
4/7/1978 16:00:00	0.104
4/14/1978 16:00:00	0.167
4/21/1978 16:00:00	0.231
4/28/1978 16:00:00	0.296
5/5/1978 16:00:00	0.359
5/12/1978 16:00:00	0.419
5/19/1978 16:00:00	0.476
5/26/1978 16:00:00	0.528
6/2/1978 16:00:00	0.573
6/9/1978 16:00:00	0.609
6/16/1978 16:00:00	0.636
6/23/1978 16:00:00	0.652
6/30/1978 16:00:00	0.656
7/7/1978 16:00:00	0.649
7/14/1978 16:00:00	0.630
7/21/1978 16:00:00	0.604
7/28/1978 16:00:00	0.571
8/4/1978 16:00:00	0.537
8/11/1978 16:00:00	0.506
8/18/1978 16:00:00	0.485
8/25/1978 16:00:00	0.482
9/1/1978 16:00:00	0.502
9/8/1978 16:00:00	0.552
9/15/1978 16:00:00	0.634
9/22/1978 16:00:00	0.748
9/29/1978 16:00:00	0.892
10/6/1978 16:00:00	1.060
10/13/1978 16:00:00	1.243
10/20/1978 16:00:00	1.430
10/27/1978 16:00:00	1.608
11/3/1978 16:00:00	1.766
11/10/1978 16:00:00	1.895
11/17/1978 16:00:00	1.988
11/24/1978 16:00:00	2.038
12/1/1978 16:00:00	2.047
12/8/1978 16:00:00	2.016
12/15/1978 16:00:00	1.950
12/22/1978 16:00:00	1.854
12/29/1978 16:00:00	1.733
1/5/1979 16:00:00	1.595
1/12/1979 16:00:00	1.445
1/19/1979 16:00:00	1.290
1/26/1979 16:00:00	1.137
2/2/1979 16:00:00	0.989
2/9/1979 16:00:00	0.850
2/16/1979 16:00:00	0.722
2/23/1979 16:00:00	0.607
3/2/1979 16:00:00	0.507
3/9/1979 16:00:00	0.422
3/16/1979 16:00:00	0.353
3/23/1979 16:00:00	0.301
3/30/1979 16:00:00	0.264
4/6/1979 16:00:00	0.243
4/13/1979 16:00:00	0.235
4/20/1979 16:00:00	0.242
4/27/1979 16:00:00	0.262
5/4/1979 16:00:00	0.294
5/11/1979 16:00:00	0.336
5/18/1979 16:00:00	0.389
5/25/1979 16:00:00	0.451
6/1/1979 16:00:00	0.521
6/8/1979 16:00:00	0.596
6/15/1979 16:00:00	0.675
6/22/1979 16:00:00	0.756
6/29/1979 16:00:00	0.838
7/6/1979 16:00:00	0.919
7/13/1979 16:00:00	1.001
7/20/1979 16:00:00	1.084
7/27/1979 16:00:00	1.172
8/3/1979 16:00:00	1.264
8/10/1979 16:00:00	1.363
8/17/1979 16:00:00	1.470
8/24/1979 16:00:00	1.584
8/31/1979 16:00:00	1.704
9/7/1979 16:00:00	1.829
9/14/1979 16:00:00	1.956
9/21/1979 16:00:00	2.081
9/28/1979 16:00:00	2.199
10/5/1979 16:00:00	2.306
10/12/1979 16:00:00	2.397
10/19/1979 16:00:00	2.467
10/26/1979 16:00:00	2.511
11/2/1979 16:00:00	2.528
11/9/1979 16:00:00	2.514
11/16/1979 16:00:00	2.470
11/23/1979 16:00:00	2.400
11/30/1979 16:00:00	2.308
12/7/1979 16:00:00	2.203
12/14/1979 16:00:00	2.092
12/21/1979 16:00:00	1.985
12/28/1979 16:00:00	1.889
1/4/1980 16:00:00	1.812
1/11/1980 16:00:00	1.764
1/18/1980 16:00:00	1.753
1/25/1980 16:00:00	1.785
2/1/1980 16:00:00	1.869
2/8/1980 16:00:00	2.005
2/15/1980 16:00:00	2.192
2/22/1980 16:00:00	2.425
2/29/1980 16:00:00	2.693
3/7/1980 16:00:00	2.979
3/14/1980 16:00:00	3.268
3/21/1980 16:00:00	3.534
3/28/1980 16:00:00	3.755
4/4/1980 16:00:00	3.919
4/11/1980 16:00:00	4.007
4/18/1980 16:00:00	4.014
4/25/1980 16:00:00	3.941
5/2/1980 16:00:00	3.793
5/9/1980 16:00:00	3.580
5/16/1980 16:00:00	3.320
5/23/1980 16:00:00	3.025
5/30/1980 16:00:00	2.711
6/6/1980 16:00:00	2.392
6/13/1980 16:00:00	2.079
6/20/1980 16:00:00	1.780
6/27/1980 16:00:00	1.506
7/4/1980 16:00:00	1.269
7/11/1980 16:00:00	1.073
7/18/1980 16:00:00	0.927
7/25/1980 16:00:00	0.827
8/1/1980 16:00:00	0.773
8/8/1980 16:00:00	0.760
8/15/1980 16:00:00	0.779
8/22/1980 16:00:00	0.821
8/29/1980 16:00:00	0.881
9/5/1980 16:00:00	0.955
9/12/1980 16:00:00	1.035
9/19/1980 16:00:00	1.124
9/26/1980 16:00:00	1.223
10/3/1980 16:00:00	1.336
10/10/1980 16:00:00	1.463
10/17/1980 16:00:00	1.616
10/24/1980 16:00:00	1.790
10/31/1980 16:00:00	1.990
11/7/1980 16:00:00	2.208
11/14/1980 16:00:00	2.436
11/21/1980 16:00:00	2.663
11/28/1980 16:00:00	2.881
12/5/1980 16:00:00	3.066
12/12/1980 16:00:00	3.208
12/19/1980 16:00:00	3.301
12/26/1980 16:00:00	3.326
1/2/1981 16:00:00	3.293
1/9/1981 16:00:00	3.202
1/16/1981 16:00:00	3.065
1/23/1981 16:00:00	2.893
1/30/1981 16:00:00	2.701
2/6/1981 16:00:00	2.499
2/13/1981 16:00:00	2.303
2/20/1981 16:00:00	2.125
2/27/1981 16:00:00	1.966
3/6/1981 16:00:00	1.838
3/13/1981 16:00:00	1.744
3/20/1981 16:00:00	1.686
3/27/1981 16:00:00	1.665
4/3/1981 16:00:00	1.683
4/10/1981 16:00:00	1.734
4/17/1981 16:00:00	1.820
4/24/1981 16:00:00	1.928
5/1/1981 16:00:00	2.058
5/8/1981 16:00:00	2.206
5/15/1981 16:00:00	2.366
5/22/1981 16:00:00	2.533
5/29/1981 16:00:00	2.707
6/5/1981 16:00:00	2.877
6/12/1981 16:00:00	3.041
6/19/1981 16:00:00	3.191
6/26/1981 16:00:00	3.320
7/3/1981 16:00:00	3.421
7/10/1981 16:00:00	3.493
7/17/1981 16:00:00	3.534
7/24/1981 16:00:00	3.543
7/31/1981 16:00:00	3.526
8/7/1981 16:00:00	3.483
8/14/1981 16:00:00	3.421
8/21/1981 16:00:00	3.347
8/28/1981 16:00:00	3.270
9/4/1981 16:00:00	3.191
9/11/1981 16:00:00	3.120
9/18/1981 16:00:00	3.052
9/25/1981 16:00:00	2.990
10/2/1981 16:00:00	2.934
10/9/1981 16:00:00	2.879
10/16/1981 16:00:00	2.826
10/23/1981 16:00:00	2.771
10/30/1981 16:00:00	2.711
11/6/1981 16:00:00	2.641
11/13/1981 16:00:00	2.564
11/20/1981 16:00:00	2.478
11/27/1981 16:00:00	2.389
12/4/1981 16:00:00	2.303
12/11/1981 16:00:00	2.221
12/18/1981 16:00:00	2.144
12/25/1981 16:00:00	2.075
1/1/1982 16:00:00	2.013
1/8/1982 16:00:00	1.961
1/15/1982 16:00:00	1.926
1/22/1982 16:00:00	1.907
1/29/1982 16:00:00	1.906
2/5/1982 16:00:00	1.918
2/12/1982 16:00:00	1.942
2/19/1982 16:00:00	1.973
2/26/1982 16:00:00	2.007
3/5/1982 16:00:00	2.037
3/12/1982 16:00:00	2.064
3/19/1982 16:00:00	2.087
3/26/1982 16:00:00	2.108
4/2/1982 16:00:00	2.127
4/9/1982 16:00:00	2.150
4/16/1982 16:00:00	2.178
4/23/1982 16:00:00	2.215
4/30/1982 16:00:00	2.264
5/7/1982 16:00:00	2.327
5/14/1982 16:00:00	2.406
5/21/1982 16:00:00	2.499
5/28/1982 16:00:00	2.598
6/4/1982 16:00:00	2.695
6/11/1982 16:00:00	2.787
6/18/1982 16:00:00	2.865
6/25/1982 16:00:00	2.923
7/2/1982 16:00:00	2.962
7/9/1982 16:00:00	2.987
7/16/1982 16:00:00	3.002
7/23/1982 16:00:00	3.020
7/30/1982 16:00:00	3.052
8/6/1982 16:00:00	3.103
8/13/1982 16:00:00	3.177
8/20/1982 16:00:00	3.263
8/27/1982 16:00:00	3.353
9/3/1982 16:00:00	3.429
9/10/1982 16:00:00	3.472
9/17/1982 16:00:00	3.465
9/24/1982 16:00:00	3.393
10/1/1982 16:00:00	3.249
10/8/1982 16:00:00	3.038
10/15/1982 16:00:00	2.772
10/22/1982 16:00:00	2.473
10/29/1982 16:00:00	2.162
11/5/1982 16:00:00	1.860
11/12/1982 16:00:00	1.582
11/19/1982 16:00:00	1.338
11/26/1982 16:00:00	1.134
12/3/1982 16:00:00	0.966
12/10/1982 16:00:00	0.830
12/17/1982 16:00:00	0.719
12/24/1982 16:00:00	0.623
12/31/1982 16:00:00	0.536
1/7/1983 16:00:00	0.455
1/14/1983 16:00:00	0.379
1/21/1983 16:00:00	0.308
1/28/1983 16:00:00	0.243
2/4/1983 16:00:00	0.185
2/11/1983 16:00:00	0.136
2/18/1983 16:00:00	0.097
2/25/1983 16:00:00	0.068
3/4/1983 16:00:00	0.046
3/11/1983 16:00:00	0.032
3/18/1983 16:00:00	0.023
3/25/1983 16:00:00	0.013
4/1/1983 16:00:00	0.002
4/8/1983 16:00:00	-0.014
4/15/1983 16:00:00	-0.035
4/22/1983 16:00:00	-0.062
4/29/1983 16:00:00	-0.091
5/6/1983 16:00:00	-0.122
5/13/1983 16:00:00	-0.150
5/20/1983 16:00:00	-0.172
5/27/1983 16:00:00	-0.188
6/3/1983 16:00:00	-0.194
6/10/1983 16:00:00	-0.193
6/17/1983 16:00:00	-0.185
6/24/1983 16:00:00	-0.171
7/1/1983 16:00:00	-0.152
7/8/1983 16:00:00	-0.133
7/15/1983 16:00:00	-0.113
7/22/1983 16:00:00	-0.097
7/29/1983 16:00:00	-0.084
8/5/1983 16:00:00	-0.077
8/12/1983 16:00:00	-0.075
8/19/1983 16:00:00	-0.077
8/26/1983 16:00:00	-0.082
9/2/1983 16:00:00	-0.088
9/9/1983 16:00:00	-0.093
9/16/1983 16:00:00	-0.095
9/23/1983 16:00:00	-0.091
9/30/1983 16:00:00	-0.082
10/7/1983 16:00:00	-0.066
10/14/1983 16:00:00	-0.044
10/21/1983 16:00:00	-0.018
10/28/1983 16:00:00	0.010
11/4/1983 16:00:00	0.038
11/11/1983 16:00:00	0.063
11/18/1983 16:00:00	0.085
11/25/1983 16:00:00	0.100
12/2/1983 16:00:00	0.109
12/9/1983 16:00:00	0.111
12/16/1983 16:00:00	0.104
12/23/1983 16:00:00	0.087
12/30/1983 16:00:00	0.060
1/6/1984 16:00:00	0.026
1/13/1984 16:00:00	-0.013
1/20/1984 16:00:00	-0.055
1/27/1984 16:00:00	-0.096
2/3/1984 16:00:00	-0.133
2/10/1984 16:00:00	-0.163
2/17/1984 16:00:00	-0.184
2/24/1984 16:00:00	-0.194
3/2/1984 16:00:00	-0.191
3/9/1984 16:00:00	-0.175
3/16/1984 16:00:00	-0.143
3/23/1984 16:00:00	-0.094
3/30/1984 16:00:00	-0.029
4/6/1984 16:00:00	0.053
4/13/1984 16:00:00	0.150
4/20/1984 16:00:00	0.261
4/27/1984 16:00:00	0.383
5/4/1984 16:00:00	0.511
5/11/1984 16:00:00	0.643
5/18/1984 16:00:00	0.772
5/25/1984 16:00:00	0.892
6/1/1984 16:00:00	1.000
6/8/1984 16:00:00	1.089
6/15/1984 16:00:00	1.158
6/22/1984 16:00:00	1.202
6/29/1984 16:00:00	1.219
7/6/1984 16:00:00	1.206
7/13/1984 16:00:00	1.163
7/20/1984 16:00:00	1.098
7/27/1984 16:00:00	1.016
8/3/1984 16:00:00	0.924
8/10/1984 16:00:00	0.830
8/17/1984 16:00:00	0.740
8/24/1984 16:00:00	0.654
8/31/1984 16:00:00	0.576
9/7/1984 16:00:00	0.506
9/14/1984 16:00:00	0.442
9/21/1984 16:00:00	0.382
9/28/1984 16:00:00	0.324
10/5/1984 16:00:00	0.268
10/12/1984 16:00:00	0.213
10/19/1984 16:00:00	0.159
10/26/1984 16:00:00	0.107
11/2/1984 16:00:00	0.058
11/9/1984 16:00:00	0.012
11/16/1984 16:00:00	-0.032
11/23/1984 16:00:00	-0.075
11/30/1984 16:00:00	-0.117
12/7/1984 16:00:00	-0.158
12/14/1984 16:00:00	-0.200
12/21/1984 16:00:00	-0.241
12/28/1984 16:00:00	-0.280
1/4/1985 16:00:00	-0.318
1/11/1985 16:00:00	-0.350
1/18/1985 16:00:00	-0.373
1/25/1985 16:00:00	-0.387
2/1/1985 16:00:00	-0.390
2/8/1985 16:00:00	-0.383
2/15/1985 16:00:00	-0.368
2/22/1985 16:00:00	-0.348
3/1/1985 16:00:00	-0.325
3/8/1985 16:00:00	-0.303
3/15/1985 16:00:00	-0.284
3/22/1985 16:00:00	-0.272
3/29/1985 16:00:00	-0.267
4/5/1985 16:00:00	-0.271
4/12/1985 16:00:00	-0.285
4/19/1985 16:00:00	-0.306
4/26/1985 16:00:00	-0.333
5/3/1985 16:00:00	-0.362
5/10/1985 16:00:00	-0.393
5/17/1985 16:00:00	-0.421
5/24/1985 16:00:00	-0.443
5/31/1985 16:00:00	-0.459
6/7/1985 16:00:00	-0.467
6/14/1985 16:00:00	-0.465
6/21/1985 16:00:00	-0.456
6/28/1985 16:00:00	-0.438
7/5/1985 16:00:00	-0.414
7/12/1985 16:00:00	-0.384
7/19/1985 16:00:00	-0.351
7/26/1985 16:00:00	-0.314
8/2/1985 16:00:00	-0.276
8/9/1985 16:00:00	-0.237
8/16/1985 16:00:00	-0.200
8/23/1985 16:00:00	-0.168
8/30/1985 16:00:00	-0.142
9/6/1985 16:00:00	-0.125
9/13/1985 16:00:00	-0.118
9/20/1985 16:00:00	-0.123
9/27/1985 16:00:00	-0.139
10/4/1985 16:00:00	-0.165
10/11/1985 16:00:00	-0.198
10/18/1985 16:00:00	-0.233
10/25/1985 16:00:00	-0.268
11/1/1985 16:00:00	-0.298
11/8/1985 16:00:00	-0.320
11/15/1985 16:00:00	-0.333
11/22/1985 16:00:00	-0.335
11/29/1985 16:00:00	-0.329
12/6/1985 16:00:00	-0.315
12/13/1985 16:00:00	-0.298
12/20/1985 16:00:00	-0.280
12/27/1985 16:00:00	-0.263
1/3/1986 16:00:00	-0.251
1/10/1986 16:00:00	-0.244
1/17/1986 16:00:00	-0.243
1/24/1986 16:00:00	-0.247
1/31/1986 16:00:00	-0.255
2/7/1986 16:00:00	-0.265
2/14/1986 16:00:00	-0.276
2/21/1986 16:00:00	-0.286
2/28/1986 16:00:00	-0.294
3/7/1986 16:00:00	-0.301
3/14/1986 16:00:00	-0.309
3/21/1986 16:00:00	-0.317
3/28/1986 16:00:00	-0.330
4/4/1986 16:00:00	-0.347
4/11/1986 16:00:00	-0.368
4/18/1986 16:00:00	-0.392
4/25/1986 16:00:00	-0.416
5/2/1986 16:00:00	-0.438
5/9/1986 16:00:00	-0.456
5/16/1986 16:00:00	-0.467
5/23/1986 16:00:00	-0.472
5/30/1986 16:00:00	-0.470
6/6/1986 16:00:00	-0.463
6/13/1986 16:00:00	-0.454
6/20/1986 16:00:00	-0.444
6/27/1986 16:00:00	-0.439
7/4/1986 16:00:00	-0.440
7/11/1986 16:00:00	-0.448
7/18/1986 16:00:00	-0.465
7/25/1986 16:00:00	-0.488
8/1/1986 16:00:00	-0.514
8/8/1986 16:00:00	-0.539
8/15/1986 16:00:00	-0.561
8/22/1986 16:00:00	-0.576
8/29/1986 16:00:00	-0.583
9/5/1986 16:00:00	-0.582
9/12/1986 16:00:00	-0.573
9/19/1986 16:00:00	-0.560
9/26/1986 16:00:00	-0.547
10/3/1986 16:00:00	-0.537
10/10/1986 16:00:00	-0.531
10/17/1986 16:00:00	-0.530
10/24/1986 16:00:00	-0.532
10/31/1986 16:00:00	-0.538
11/7/1986 16:00:00	-0.544
11/14/1986 16:00:00	-0.549
11/21/1986 16:00:00	-0.550
11/28/1986 16:00:00	-0.547
12/5/1986 16:00:00	-0.540
12/12/1986 16:00:00	-0.531
12/19/1986 16:00:00	-0.518
12/26/1986 16:00:00	-0.506
1/2/1987 16:00:00	-0.496
1/9/1987 16:00:00	-0.488
1/16/1987 16:00:00	-0.484
1/23/1987 16:00:00	-0.482
1/30/1987 16:00:00	-0.481
2/6/1987 16:00:00	-0.479
2/13/1987 16:00:00	-0.472
2/20/1987 16:00:00	-0.456
2/27/1987 16:00:00	-0.431
3/6/1987 16:00:00	-0.393
3/13/1987 16:00:00	-0.338
3/20/1987 16:00:00	-0.265
3/27/1987 16:00:00	-0.172
4/3/1987 16:00:00	-0.063
4/10/1987 16:00:00	0.058
4/17/1987 16:00:00	0.184
4/24/1987 16:00:00	0.307
5/1/1987 16:00:00	0.416
5/8/1987 16:00:00	0.507
5/15/1987 16:00:00	0.573
5/22/1987 16:00:00	0.612
5/29/1987 16:00:00	0.621
6/5/1987 16:00:00	0.602
6/12/1987 16:00:00	0.560
6/19/1987 16:00:00	0.498
6/26/1987 16:00:00	0.424
7/3/1987 16:00:00	0.344
7/10/1987 16:00:00	0.262
7/17/1987 16:00:00	0.182
7/24/1987 16:00:00	0.109
7/31/1987 16:00:00	0.047
8/7/1987 16:00:00	0.004
8/14/1987 16:00:00	-0.018
8/21/1987 16:00:00	-0.008
8/28/1987 16:00:00	0.035
9/4/1987 16:00:00	0.112
9/11/1987 16:00:00	0.217
9/18/1987 16:00:00	0.346
9/25/1987 16:00:00	0.489
10/2/1987 16:00:00	0.640
10/9/1987 16:00:00	0.786
10/16/1987 16:00:00	0.917
10/23/1987 16:00:00	1.025
10/30/1987 16:00:00	1.103
11/6/1987 16:00:00	1.144
11/13/1987 16:00:00	1.156
11/20/1987 16:00:00	1.145
11/27/1987 16:00:00	1.113
12/4/1987 16:00:00	1.066
12/11/1987 16:00:00	1.001
12/18/1987 16:00:00	0.924
12/25/1987 16:00:00	0.836
1/1/1988 16:00:00	0.741
1/8/1988 16:00:00	0.642
1/15/1988 16:00:00	0.546
1/22/1988 16:00:00	0.452
1/29/1988 16:00:00	0.364
2/5/1988 16:00:00	0.285
2/12/1988 16:00:00	0.220
2/19/1988 16:00:00	0.170
2/26/1988 16:00:00	0.134
3/4/1988 16:00:00	0.114
3/11/1988 16:00:00	0.109
3/18/1988 16:00:00	0.116
3/25/1988 16:00:00	0.133
4/1/1988 16:00:00	0.158
4/8/1988 16:00:00	0.186
4/15/1988 16:00:00	0.212
4/22/1988 16:00:00	0.234
4/29/1988 16:00:00	0.248
5/6/1988 16:00:00	0.255
5/13/1988 16:00:00	0.257
5/20/1988 16:00:00	0.257
5/27/1988 16:00:00	0.256
6/3/1988 16:00:00	0.259
6/10/1988 16:00:00	0.267
6/17/1988 16:00:00	0.282
6/24/1988 16:00:00	0.304
7/1/1988 16:00:00	0.332
7/8/1988 16:00:00	0.362
7/15/1988 16:00:00	0.391
7/22/1988 16:00:00	0.416
7/29/1988 16:00:00	0.432
8/5/1988 16:00:00	0.439
8/12/1988 16:00:00	0.436
8/19/1988 16:00:00	0.422
8/26/1988 16:00:00	0.400
9/2/1988 16:00:00	0.371
9/9/1988 16:00:00	0.339
9/16/1988 16:00:00	0.307
9/23/1988 16:00:00	0.279
9/30/1988 16:00:00	0.254
10/7/1988 16:00:00	0.233
10/14/1988 16:00:00	0.215
10/21/1988 16:00:00	0.199
10/28/1988 16:00:00	0.187
11/4/1988 16:00:00	0.176
11/11/1988 16:00:00	0.168
11/18/1988 16:00:00	0.162
11/25/1988 16:00:00	0.157
12/2/1988 16:00:00	0.153
12/9/1988 16:00:00	0.150
12/16/1988 16:00:00	0.147
12/23/1988 16:00:00	0.145
12/30/1988 16:00:00	0.143
1/6/1989 16:00:00	0.145
1/13/1989 16:00:00	0.152
1/20/1989 16:00:00	0.165
1/27/1989 16:00:00	0.188
2/3/1989 16:00:00	0.224
2/10/1989 16:00:00	0.274
2/17/1989 16:00:00	0.337
2/24/1989 16:00:00	0.409
3/3/1989 16:00:00	0.486
3/10/1989 16:00:00	0.561
3/17/1989 16:00:00	0.629
3/24/1989 16:00:00	0.683
3/31/1989 16:00:00	0.716
4/7/1989 16:00:00	0.726
4/14/1989 16:00:00	0.712
4/21/1989 16:00:00	0.674
4/28/1989 16:00:00	0.620
5/5/1989 16:00:00	0.555
5/12/1989 16:00:00	0.486
5/19/1989 16:00:00	0.421
5/26/1989 16:00:00	0.366
6/2/1989 16:00:00	0.324
6/9/1989 16:00:00	0.296
6/16/1989 16:00:00	0.279
6/23/1989 16:00:00	0.269
6/30/1989 16:00:00	0.260
7/7/1989 16:00:00	0.250
7/14/1989 16:00:00	0.236
7/21/1989 16:00:00	0.222
7/28/1989 16:00:00	0.210
8/4/1989 16:00:00	0.203
8/11/1989 16:00:00	0.206
8/18/1989 16:00:00	0.218
8/25/1989 16:00:00	0.240
9/1/1989 16:00:00	0.271
9/8/1989 16:00:00	0.306
9/15/1989 16:00:00	0.340
9/22/1989 16:00:00	0.367
9/29/1989 16:00:00	0.383
10/6/1989 16:00:00	0.386
10/13/1989 16:00:00	0.373
10/20/1989 16:00:00	0.345
10/27/1989 16:00:00	0.304
11/3/1989 16:00:00	0.254
11/10/1989 16:00:00	0.201
11/17/1989 16:00:00	0.149
11/24/1989 16:00:00	0.103
12/1/1989 16:00:00	0.066
12/8/1989 16:00:00	0.040
12/15/1989 16:00:00	0.026
12/22/1989 16:00:00	0.022
12/29/1989 16:00:00	0.026
1/5/1990 16:00:00	0.035
1/12/1990 16:00:00	0.046
1/19/1990 16:00:00	0.056
1/26/1990 16:00:00	0.063
2/2/1990 16:00:00	0.064
2/9/1990 16:00:00	0.062
2/16/1990 16:00:00	0.056
2/23/1990 16:00:00	0.050
3/2/1990 16:00:00	0.045
3/9/1990 16:00:00	0.045
3/16/1990 16:00:00	0.051
3/23/1990 16:00:00	0.062
3/30/1990 16:00:00	0.077
4/6/1990 16:00:00	0.094
4/13/1990 16:00:00	0.106
4/20/1990 16:00:00	0.113
4/27/1990 16:00:00	0.110
5/4/1990 16:00:00	0.096
5/11/1990 16:00:00	0.070
5/18/1990 16:00:00	0.035
5/25/1990 16:00:00	-0.006
6/1/1990 16:00:00	-0.049
6/8/1990 16:00:00	-0.089
6/15/1990 16:00:00	-0.122
6/22/1990 16:00:00	-0.145
6/29/1990 16:00:00	-0.155
7/6/1990 16:00:00	-0.152
7/13/1990 16:00:00	-0.136
7/20/1990 16:00:00	-0.109
7/27/1990 16:00:00	-0.072
8/3/1990 16:00:00	-0.027
8/10/1990 16:00:00	0.023
8/17/1990 16:00:00	0.077
8/24/1990 16:00:00	0.132
8/31/1990 16:00:00	0.187
9/7/1990 16:00:00	0.241
9/14/1990 16:00:00	0.292
9/21/1990 16:00:00	0.340
9/28/1990 16:00:00	0.383
10/5/1990 16:00:00	0.415
10/12/1990 16:00:00	0.439
10/19/1990 16:00:00	0.453
10/26/1990 16:00:00	0.458
11/2/1990 16:00:00	0.459
11/9/1990 16:00:00	0.458
11/16/1990 16:00:00	0.459
11/23/1990 16:00:00	0.463
11/30/1990 16:00:00	0.474
12/7/1990 16:00:00	0.487
12/14/1990 16:00:00	0.502
12/21/1990 16:00:00	0.516
12/28/1990 16:00:00	0.523
1/4/1991 16:00:00	0.514
1/11/1991 16:00:00	0.492
1/18/1991 16:00:00	0.452
1/25/1991 16:00:00	0.392
2/1/1991 16:00:00	0.323
2/8/1991 16:00:00	0.248
2/15/1991 16:00:00	0.172
2/22/1991 16:00:00	0.101
3/1/1991 16:00:00	0.036
3/8/1991 16:00:00	-0.021
3/15/1991 16:00:00	-0.071
3/22/1991 16:00:00	-0.114
3/29/1991 16:00:00	-0.149
4/5/1991 16:00:00	-0.179
4/12/1991 16:00:00	-0.202
4/19/1991 16:00:00	-0.221
4/26/1991 16:00:00	-0.235
5/3/1991 16:00:00	-0.243
5/10/1991 16:00:00	-0.247
5/17/1991 16:00:00	-0.246
5/24/1991 16:00:00	-0.242
5/31/1991 16:00:00	-0.238
6/7/1991 16:00:00	-0.236
6/14/1991 16:00:00	-0.239
6/21/1991 16:00:00	-0.250
6/28/1991 16:00:00	-0.270
7/5/1991 16:00:00	-0.299
7/12/1991 16:00:00	-0.334
7/19/1991 16:00:00	-0.373
7/26/1991 16:00:00	-0.413
8/2/1991 16:00:00	-0.450
8/9/1991 16:00:00	-0.482
8/16/1991 16:00:00	-0.507
8/23/1991 16:00:00	-0.526
8/30/1991 16:00:00	-0.539
9/6/1991 16:00:00	-0.546
9/13/1991 16:00:00	-0.552
9/20/1991 16:00:00	-0.555
9/27/1991 16:00:00	-0.559
10/4/1991 16:00:00	-0.562
10/11/1991 16:00:00	-0.566
10/18/1991 16:00:00	-0.572
10/25/1991 16:00:00	-0.579
11/1/1991 16:00:00	-0.588
11/8/1991 16:00:00	-0.597
11/15/1991 16:00:00	-0.607
11/22/1991 16:00:00	-0.616
11/29/1991 16:00:00	-0.626
12/6/1991 16:00:00	-0.636
12/13/1991 16:00:00	-0.646
12/20/1991 16:00:00	-0.654
12/27/1991 16:00:00	-0.661
1/3/1992 16:00:00	-0.663
1/10/1992 16:00:00	-0.664
1/17/1992 16:00:00	-0.662
1/24/1992 16:00:00	-0.659
1/31/1992 16:00:00	-0.656
2/7/1992 16:00:00	-0.654
2/14/1992 16:00:00	-0.653
2/21/1992 16:00:00	-0.653
2/28/1992 16:00:00	-0.654
3/6/1992 16:00:00	-0.657
3/13/1992 16:00:00	-0.662
3/20/1992 16:00:00	-0.670
3/27/1992 16:00:00	-0.682
4/3/1992 16:00:00	-0.698
4/10/1992 16:00:00	-0.717
4/17/1992 16:00:00	-0.738
4/24/1992 16:00:00	-0.760
5/1/1992 16:00:00	-0.783
5/8/1992 16:00:00	-0.804
5/15/1992 16:00:00	-0.825
5/22/1992 16:00:00	-0.843
5/29/1992 16:00:00	-0.860
6/5/1992 16:00:00	-0.875
6/12/1992 16:00:00	-0.890
6/19/1992 16:00:00	-0.903
6/26/1992 16:00:00	-0.916
7/3/1992 16:00:00	-0.926
7/10/1992 16:00:00	-0.934
7/17/1992 16:00:00	-0.938
7/24/1992 16:00:00	-0.940
7/31/1992 16:00:00	-0.938
8/7/1992 16:00:00	-0.933
8/14/1992 16:00:00	-0.925
8/21/1992 16:00:00	-0.913
8/28/1992 16:00:00	-0.898
9/4/1992 16:00:00	-0.880
9/11/1992 16:00:00	-0.858
9/18/1992 16:00:00	-0.832
9/25/1992 16:00:00	-0.803
10/2/1992 16:00:00	-0.772
10/9/1992 16:00:00	-0.742
10/16/1992 16:00:00	-0.715
10/23/1992 16:00:00	-0.693
10/30/1992 16:00:00	-0.681
11/6/1992 16:00:00	-0.680
11/13/1992 16:00:00	-0.688
11/20/1992 16:00:00	-0.706
11/27/1992 16:00:00	-0.734
12/4/1992 16:00:00	-0.769
12/11/1992 16:00:00	-0.808
12/18/1992 16:00:00	-0.846
12/25/1992 16:00:00	-0.881
1/1/1993 16:00:00	-0.909
1/8/1993 16:00:00	-0.930
1/15/1993 16:00:00	-0.945
1/22/1993 16:00:00	-0.953
1/29/1993 16:00:00	-0.957
2/5/1993 16:00:00	-0.957
2/12/1993 16:00:00	-0.956
2/19/1993 16:00:00	-0.955
2/26/1993 16:00:00	-0.955
3/5/1993 16:00:00	-0.957
3/12/1993 16:00:00	-0.961
3/19/1993 16:00:00	-0.967
3/26/1993 16:00:00	-0.974
4/2/1993 16:00:00	-0.981
4/9/1993 16:00:00	-0.987
4/16/1993 16:00:00	-0.992
4/23/1993 16:00:00	-0.993
4/30/1993 16:00:00	-0.993
5/7/1993 16:00:00	-0.990
5/14/1993 16:00:00	-0.986
5/21/1993 16:00:00	-0.983
5/28/1993 16:00:00	-0.982
6/4/1993 16:00:00	-0.985
6/11/1993 16:00:00	-0.992
6/18/1993 16:00:00	-1.005
6/25/1993 16:00:00	-1.020
7/2/1993 16:00:00	-1.037
7/9/1993 16:00:00	-1.055
7/16/1993 16:00:00	-1.070
7/23/1993 16:00:00	-1.083
7/30/1993 16:00:00	-1.091
8/6/1993 16:00:00	-1.096
8/13/1993 16:00:00	-1.097
8/20/1993 16:00:00	-1.095
8/27/1993 16:00:00	-1.090
9/3/1993 16:00:00	-1.083
9/10/1993 16:00:00	-1.074
9/17/1993 16:00:00	-1.063
9/24/1993 16:00:00	-1.050
10/1/1993 16:00:00	-1.035
10/8/1993 16:00:00	-1.019
10/15/1993 16:00:00	-1.001
10/22/1993 16:00:00	-0.983
10/29/1993 16:00:00	-0.966
11/5/1993 16:00:00	-0.951
11/12/1993 16:00:00	-0.940
11/19/1993 16:00:00	-0.935
11/26/1993 16:00:00	-0.938
12/3/1993 16:00:00	-0.946
12/10/1993 16:00:00	-0.959
12/17/1993 16:00:00	-0.975
12/24/1993 16:00:00	-0.991
12/31/1993 16:00:00	-1.004
1/7/1994 16:00:00	-1.015
1/14/1994 16:00:00	-1.020
1/21/1994 16:00:00	-1.020
1/28/1994 16:00:00	-1.013
2/4/1994 16:00:00	-0.998
2/11/1994 16:00:00	-0.977
2/18/1994 16:00:00	-0.950
2/25/1994 16:00:00	-0.920
3/4/1994 16:00:00	-0.886
3/11/1994 16:00:00	-0.852
3/18/1994 16:00:00	-0.820
3/25/1994 16:00:00	-0.790
4/1/1994 16:00:00	-0.765
4/8/1994 16:00:00	-0.745
4/15/1994 16:00:00	-0.732
4/22/1994 16:00:00	-0.723
4/29/1994 16:00:00	-0.720
5/6/1994 16:00:00	-0.718
5/13/1994 16:00:00	-0.717
5/20/1994 16:00:00	-0.718
5/27/1994 16:00:00	-0.719
6/3/1994 16:00:00	-0.718
6/10/1994 16:00:00	-0.717
6/17/1994 16:00:00	-0.715
6/24/1994 16:00:00	-0.714
7/1/1994 16:00:00	-0.716
7/8/1994 16:00:00	-0.723
7/15/1994 16:00:00	-0.735
7/22/1994 16:00:00	-0.752
7/29/1994 16:00:00	-0.770
8/5/1994 16:00:00	-0.786
8/12/1994 16:00:00	-0.799
8/19/1994 16:00:00	-0.807
8/26/1994 16:00:00	-0.806
9/2/1994 16:00:00	-0.796
9/9/1994 16:00:00	-0.778
9/16/1994 16:00:00	-0.753
9/23/1994 16:00:00	-0.724
9/30/1994 16:00:00	-0.693
10/7/1994 16:00:00	-0.665
10/14/1994 16:00:00	-0.641
10/21/1994 16:00:00	-0.620
10/28/1994 16:00:00	-0.600
11/4/1994 16:00:00	-0.579
11/11/1994 16:00:00	-0.557
11/18/1994 16:00:00	-0.531
11/25/1994 16:00:00	-0.502
12/2/1994 16:00:00	-0.471
12/9/1994 16:00:00	-0.442
12/16/1994 16:00:00	-0.419
12/23/1994 16:00:00	-0.405
12/30/1994 16:00:00	-0.403
1/6/1995 16:00:00	-0.414
1/13/1995 16:00:00	-0.437
1/20/1995 16:00:00	-0.468
1/27/1995 16:00:00	-0.504
2/3/1995 16:00:00	-0.540
2/10/1995 16:00:00	-0.573
2/17/1995 16:00:00	-0.601
2/24/1995 16:00:00	-0.621
3/3/1995 16:00:00	-0.632
3/10/1995 16:00:00	-0.637
3/17/1995 16:00:00	-0.638
3/24/1995 16:00:00	-0.637
3/31/1995 16:00:00	-0.637
4/7/1995 16:00:00	-0.639
4/14/1995 16:00:00	-0.646
4/21/1995 16:00:00	-0.656
4/28/1995 16:00:00	-0.670
5/5/1995 16:00:00	-0.683
5/12/1995 16:00:00	-0.696
5/19/1995 16:00:00	-0.705
5/26/1995 16:00:00	-0.708
6/2/1995 16:00:00	-0.705
6/9/1995 16:00:00	-0.697
6/16/1995 16:00:00	-0.687
6/23/1995 16:00:00	-0.676
6/30/1995 16:00:00	-0.668
7/7/1995 16:00:00	-0.663
7/14/1995 16:00:00	-0.664
7/21/1995 16:00:00	-0.669
7/28/1995 16:00:00	-0.676
8/4/1995 16:00:00	-0.686
8/11/1995 16:00:00	-0.695
8/18/1995 16:00:00	-0.703
8/25/1995 16:00:00	-0.708
9/1/1995 16:00:00	-0.709
9/8/1995 16:00:00	-0.707
9/15/1995 16:00:00	-0.703
9/22/1995 16:00:00	-0.698
9/29/1995 16:00:00	-0.693
10/6/1995 16:00:00	-0.692
10/13/1995 16:00:00	-0.694
10/20/1995 16:00:00	-0.701
10/27/1995 16:00:00	-0.710
11/3/1995 16:00:00	-0.721
11/10/1995 16:00:00	-0.733
11/17/1995 16:00:00	-0.742
11/24/1995 16:00:00	-0.748
12/1/1995 16:00:00	-0.749
12/8/1995 16:00:00	-0.747
12/15/1995 16:00:00	-0.743
12/22/1995 16:00:00	-0.739
12/29/1995 16:00:00	-0.740
1/5/1996 16:00:00	-0.746
1/12/1996 16:00:00	-0.756
1/19/1996 16:00:00	-0.771
1/26/1996 16:00:00	-0.789
2/2/1996 16:00:00	-0.806
2/9/1996 16:00:00	-0.817
2/16/1996 16:00:00	-0.821
2/23/1996 16:00:00	-0.817
3/1/1996 16:00:00	-0.804
3/8/1996 16:00:00	-0.784
3/15/1996 16:00:00	-0.761
3/22/1996 16:00:00	-0.737
3/29/1996 16:00:00	-0.716
4/5/1996 16:00:00	-0.699
4/12/1996 16:00:00	-0.686
4/19/1996 16:00:00	-0.681
4/26/1996 16:00:00	-0.682
5/3/1996 16:00:00	-0.688
5/10/1996 16:00:00	-0.696
5/17/1996 16:00:00	-0.705
5/24/1996 16:00:00	-0.711
5/31/1996 16:00:00	-0.714
6/7/1996 16:00:00	-0.712
6/14/1996 16:00:00	-0.708
6/21/1996 16:00:00	-0.702
6/28/1996 16:00:00	-0.698
7/5/1996 16:00:00	-0.695
7/12/1996 16:00:00	-0.696
7/19/1996 16:00:00	-0.700
7/26/1996 16:00:00	-0.708
8/2/1996 16:00:00	-0.718
8/9/1996 16:00:00	-0.729
8/16/1996 16:00:00	-0.737
8/23/1996 16:00:00	-0.741
8/30/1996 16:00:00	-0.741
9/6/1996 16:00:00	-0.738
9/13/1996 16:00:00	-0.733
9/20/1996 16:00:00	-0.729
9/27/1996 16:00:00	-0.728
10/4/1996 16:00:00	-0.732
10/11/1996 16:00:00	-0.739
10/18/1996 16:00:00	-0.750
10/25/1996 16:00:00	-0.761
11/1/1996 16:00:00	-0.772
11/8/1996 16:00:00	-0.780
11/15/1996 16:00:00	-0.782
11/22/1996 16:00:00	-0.777
11/29/1996 16:00:00	-0.767
12/6/1996 16:00:00	-0.751
12/13/1996 16:00:00	-0.733
12/20/1996 16:00:00	-0.716
12/27/1996 16:00:00	-0.702
1/3/1997 16:00:00	-0.692
1/10/1997 16:00:00	-0.688
1/17/1997 16:00:00	-0.689
1/24/1997 16:00:00	-0.696
1/31/1997 16:00:00	-0.706
2/7/1997 16:00:00	-0.716
2/14/1997 16:00:00	-0.726
2/21/1997 16:00:00	-0.732
2/28/1997 16:00:00	-0.732
3/7/1997 16:00:00	-0.727
3/14/1997 16:00:00	-0.717
3/21/1997 16:00:00	-0.703
3/28/1997 16:00:00	-0.688
4/4/1997 16:00:00	-0.671
4/11/1997 16:00:00	-0.657
4/18/1997 16:00:00	-0.645
4/25/1997 16:00:00	-0.635
5/2/1997 16:00:00	-0.629
5/9/1997 16:00:00	-0.625
5/16/1997 16:00:00	-0.624
5/23/1997 16:00:00	-0.624
5/30/1997 16:00:00	-0.624
6/6/1997 16:00:00	-0.626
6/13/1997 16:00:00	-0.629
6/20/1997 16:00:00	-0.633
6/27/1997 16:00:00	-0.637
7/4/1997 16:00:00	-0.643
7/11/1997 16:00:00	-0.648
7/18/1997 16:00:00	-0.652
7/25/1997 16:00:00	-0.655
8/1/1997 16:00:00	-0.656
8/8/1997 16:00:00	-0.656
8/15/1997 16:00:00	-0.654
8/22/1997 16:00:00	-0.650
8/29/1997 16:00:00	-0.645
9/5/1997 16:00:00	-0.639
9/12/1997 16:00:00	-0.632
9/19/1997 16:00:00	-0.623
9/26/1997 16:00:00	-0.610
10/3/1997 16:00:00	-0.595
10/10/1997 16:00:00	-0.576
10/17/1997 16:00:00	-0.555
10/24/1997 16:00:00	-0.531
10/31/1997 16:00:00	-0.509
11/7/1997 16:00:00	-0.491
11/14/1997 16:00:00	-0.477
11/21/1997 16:00:00	-0.471
11/28/1997 16:00:00	-0.470
12/5/1997 16:00:00	-0.475
12/12/1997 16:00:00	-0.483
12/19/1997 16:00:00	-0.495
12/26/1997 16:00:00	-0.511
1/2/1998 16:00:00	-0.527
1/9/1998 16:00:00	-0.544
1/16/1998 16:00:00	-0.563
1/23/1998 16:00:00	-0.581
1/30/1998 16:00:00	-0.598
2/6/1998 16:00:00	-0.613
2/13/1998 16:00:00	-0.625
2/20/1998 16:00:00	-0.634
2/27/1998 16:00:00	-0.638
3/6/1998 16:00:00	-0.638
3/13/1998 16:00:00	-0.635
3/20/1998 16:00:00	-0.631
3/27/1998 16:00:00	-0.626
4/3/1998 16:00:00	-0.620
4/10/1998 16:00:00	-0.615
4/17/1998 16:00:00	-0.609
4/24/1998 16:00:00	-0.603
5/1/1998 16:00:00	-0.597
5/8/1998 16:00:00	-0.590
5/15/1998 16:00:00	-0.583
5/22/1998 16:00:00	-0.577
5/29/1998 16:00:00	-0.569
6/5/1998 16:00:00	-0.563
6/12/1998 16:00:00	-0.558
6/19/1998 16:00:00	-0.556
6/26/1998 16:00:00	-0.554
7/3/1998 16:00:00	-0.554
7/10/1998 16:00:00	-0.551
7/17/1998 16:00:00	-0.545
7/24/1998 16:00:00	-0.531
7/31/1998 16:00:00	-0.508
8/7/1998 16:00:00	-0.474
8/14/1998 16:00:00	-0.428
8/21/1998 16:00:00	-0.373
8/28/1998 16:00:00	-0.309
9/4/1998 16:00:00	-0.242
9/11/1998 16:00:00	-0.176
9/18/1998 16:00:00	-0.114
9/25/1998 16:00:00	-0.059
10/2/1998 16:00:00	-0.015
10/9/1998 16:00:00	0.015
10/16/1998 16:00:00	0.028
10/23/1998 16:00:00	0.023
10/30/1998 16:00:00	0.005
11/6/1998 16:00:00	-0.022
11/13/1998 16:00:00	-0.050
11/20/1998 16:00:00	-0.080
11/27/1998 16:00:00	-0.107
12/4/1998 16:00:00	-0.129
12/11/1998 16:00:00	-0.148
12/18/1998 16:00:00	-0.167
12/25/1998 16:00:00	-0.185
1/1/1999 16:00:00	-0.202
1/8/1999 16:00:00	-0.217
1/15/1999 16:00:00	-0.233
1/22/1999 16:00:00	-0.250
1/29/1999 16:00:00	-0.269
2/5/1999 16:00:00	-0.289
2/12/1999 16:00:00	-0.310
2/19/1999 16:00:00	-0.332
2/26/1999 16:00:00	-0.351
3/5/1999 16:00:00	-0.368
3/12/1999 16:00:00	-0.382
3/19/1999 16:00:00	-0.394
3/26/1999 16:00:00	-0.402
4/2/1999 16:00:00	-0.409
4/9/1999 16:00:00	-0.414
4/16/1999 16:00:00	-0.418
4/23/1999 16:00:00	-0.421
4/30/1999 16:00:00	-0.423
5/7/1999 16:00:00	-0.423
5/14/1999 16:00:00	-0.419
5/21/1999 16:00:00	-0.410
5/28/1999 16:00:00	-0.398
6/4/1999 16:00:00	-0.383
6/11/1999 16:00:00	-0.365
6/18/1999 16:00:00	-0.347
6/25/1999 16:00:00	-0.327
7/2/1999 16:00:00	-0.305
7/9/1999 16:00:00	-0.281
7/16/1999 16:00:00	-0.256
7/23/1999 16:00:00	-0.230
7/30/1999 16:00:00	-0.207
8/6/1999 16:00:00	-0.186
8/13/1999 16:00:00	-0.169
8/20/1999 16:00:00	-0.156
8/27/1999 16:00:00	-0.144
9/3/1999 16:00:00	-0.133
9/10/1999 16:00:00	-0.119
9/17/1999 16:00:00	-0.106
9/24/1999 16:00:00	-0.094
10/1/1999 16:00:00	-0.083
10/8/1999 16:00:00	-0.076
10/15/1999 16:00:00	-0.078
10/22/1999 16:00:00	-0.088
10/29/1999 16:00:00	-0.103
11/5/1999 16:00:00	-0.120
11/12/1999 16:00:00	-0.138
11/19/1999 16:00:00	-0.152
11/26/1999 16:00:00	-0.160
12/3/1999 16:00:00	-0.163
12/10/1999 16:00:00	-0.162
12/17/1999 16:00:00	-0.161
12/24/1999 16:00:00	-0.161
12/31/1999 16:00:00	-0.165
1/7/2000 16:00:00	-0.175
1/14/2000 16:00:00	-0.186
1/21/2000 16:00:00	-0.197
1/28/2000 16:00:00	-0.205
2/4/2000 16:00:00	-0.207
2/11/2000 16:00:00	-0.206
2/18/2000 16:00:00	-0.199
2/25/2000 16:00:00	-0.186
3/3/2000 16:00:00	-0.171
3/10/2000 16:00:00	-0.152
3/17/2000 16:00:00	-0.130
3/24/2000 16:00:00	-0.108
3/31/2000 16:00:00	-0.087
4/7/2000 16:00:00	-0.071
4/14/2000 16:00:00	-0.055
4/21/2000 16:00:00	-0.041
4/28/2000 16:00:00	-0.027
5/5/2000 16:00:00	-0.010
5/12/2000 16:00:00	0.006
5/19/2000 16:00:00	0.020
5/26/2000 16:00:00	0.032
6/2/2000 16:00:00	0.040
6/9/2000 16:00:00	0.041
6/16/2000 16:00:00	0.036
6/23/2000 16:00:00	0.024
6/30/2000 16:00:00	0.006
7/7/2000 16:00:00	-0.020
7/14/2000 16:00:00	-0.049
7/21/2000 16:00:00	-0.080
7/28/2000 16:00:00	-0.111
8/4/2000 16:00:00	-0.140
8/11/2000 16:00:00	-0.165
8/18/2000 16:00:00	-0.183
8/25/2000 16:00:00	-0.196
9/1/2000 16:00:00	-0.203
9/8/2000 16:00:00	-0.205
9/15/2000 16:00:00	-0.204
9/22/2000 16:00:00	-0.199
9/29/2000 16:00:00	-0.193
10/6/2000 16:00:00	-0.186
10/13/2000 16:00:00	-0.178
10/20/2000 16:00:00	-0.171
10/27/2000 16:00:00	-0.164
11/3/2000 16:00:00	-0.153
11/10/2000 16:00:00	-0.139
11/17/2000 16:00:00	-0.121
11/24/2000 16:00:00	-0.100
12/1/2000 16:00:00	-0.079
12/8/2000 16:00:00	-0.063
12/15/2000 16:00:00	-0.057
12/22/2000 16:00:00	-0.062
12/29/2000 16:00:00	-0.082
1/5/2001 16:00:00	-0.111
1/12/2001 16:00:00	-0.147
1/19/2001 16:00:00	-0.184
1/26/2001 16:00:00	-0.217
2/2/2001 16:00:00	-0.245
2/9/2001 16:00:00	-0.263
2/16/2001 16:00:00	-0.273
2/23/2001 16:00:00	-0.272
3/2/2001 16:00:00	-0.266
3/9/2001 16:00:00	-0.257
3/16/2001 16:00:00	-0.248
3/23/2001 16:00:00	-0.244
3/30/2001 16:00:00	-0.247
4/6/2001 16:00:00	-0.257
4/13/2001 16:00:00	-0.276
4/20/2001 16:00:00	-0.301
4/27/2001 16:00:00	-0.328
5/4/2001 16:00:00	-0.356
5/11/2001 16:00:00	-0.382
5/18/2001 16:00:00	-0.403
5/25/2001 16:00:00	-0.419
6/1/2001 16:00:00	-0.431
6/8/2001 16:00:00	-0.439
6/15/2001 16:00:00	-0.446
6/22/2001 16:00:00	-0.452
6/29/2001 16:00:00	-0.459
7/6/2001 16:00:00	-0.468
7/13/2001 16:00:00	-0.479
7/20/2001 16:00:00	-0.489
7/27/2001 16:00:00	-0.499
8/3/2001 16:00:00	-0.503
8/10/2001 16:00:00	-0.498
8/17/2001 16:00:00	-0.484
8/24/2001 16:00:00	-0.460
8/31/2001 16:00:00	-0.429
9/7/2001 16:00:00	-0.395
9/14/2001 16:00:00	-0.364
9/21/2001 16:00:00	-0.341
9/28/2001 16:00:00	-0.334
10/5/2001 16:00:00	-0.336
10/12/2001 16:00:00	-0.347
10/19/2001 16:00:00	-0.363
10/26/2001 16:00:00	-0.379
11/2/2001 16:00:00	-0.390
11/9/2001 16:00:00	-0.395
11/16/2001 16:00:00	-0.393
11/23/2001 16:00:00	-0.383
11/30/2001 16:00:00	-0.369
12/7/2001 16:00:00	-0.356
12/14/2001 16:00:00	-0.350
12/21/2001 16:00:00	-0.352
12/28/2001 16:00:00	-0.366
1/4/2002 16:00:00	-0.386
1/11/2002 16:00:00	-0.412
1/18/2002 16:00:00	-0.438
1/25/2002 16:00:00	-0.460
2/1/2002 16:00:00	-0.476
2/8/2002 16:00:00	-0.485
2/15/2002 16:00:00	-0.490
2/22/2002 16:00:00	-0.490
3/1/2002 16:00:00	-0.489
3/8/2002 16:00:00	-0.488
3/15/2002 16:00:00	-0.488
3/22/2002 16:00:00	-0.492
3/29/2002 16:00:00	-0.500
4/5/2002 16:00:00	-0.514
4/12/2002 16:00:00	-0.533
4/19/2002 16:00:00	-0.556
4/26/2002 16:00:00	-0.579
5/3/2002 16:00:00	-0.601
5/10/2002 16:00:00	-0.618
5/17/2002 16:00:00	-0.629
5/24/2002 16:00:00	-0.631
5/31/2002 16:00:00	-0.624
6/7/2002 16:00:00	-0.610
6/14/2002 16:00:00	-0.589
6/21/2002 16:00:00	-0.564
6/28/2002 16:00:00	-0.536
7/5/2002 16:00:00	-0.508
7/12/2002 16:00:00	-0.481
7/19/2002 16:00:00	-0.458
7/26/2002 16:00:00	-0.437
8/2/2002 16:00:00	-0.423
8/9/2002 16:00:00	-0.410
8/16/2002 16:00:00	-0.400
8/23/2002 16:00:00	-0.389
8/30/2002 16:00:00	-0.377
9/6/2002 16:00:00	-0.362
9/13/2002 16:00:00	-0.347
9/20/2002 16:00:00	-0.334
9/27/2002 16:00:00	-0.325
10/4/2002 16:00:00	-0.322
10/11/2002 16:00:00	-0.327
10/18/2002 16:00:00	-0.339
10/25/2002 16:00:00	-0.354
11/1/2002 16:00:00	-0.373
11/8/2002 16:00:00	-0.391
11/15/2002 16:00:00	-0.407
11/22/2002 16:00:00	-0.418
11/29/2002 16:00:00	-0.424
12/6/2002 16:00:00	-0.427
12/13/2002 16:00:00	-0.431
12/20/2002 16:00:00	-0.435
12/27/2002 16:00:00	-0.442
1/3/2003 16:00:00	-0.453
1/10/2003 16:00:00	-0.466
1/17/2003 16:00:00	-0.479
1/24/2003 16:00:00	-0.489
1/31/2003 16:00:00	-0.497
2/7/2003 16:00:00	-0.501
2/14/2003 16:00:00	-0.504
2/21/2003 16:00:00	-0.507
2/28/2003 16:00:00	-0.511
3/7/2003 16:00:00	-0.517
3/14/2003 16:00:00	-0.528
3/21/2003 16:00:00	-0.542
3/28/2003 16:00:00	-0.562
4/4/2003 16:00:00	-0.585
4/11/2003 16:00:00	-0.611
4/18/2003 16:00:00	-0.636
4/25/2003 16:00:00	-0.657
5/2/2003 16:00:00	-0.674
5/9/2003 16:00:00	-0.683
5/16/2003 16:00:00	-0.688
5/23/2003 16:00:00	-0.689
5/30/2003 16:00:00	-0.687
6/6/2003 16:00:00	-0.685
6/13/2003 16:00:00	-0.684
6/20/2003 16:00:00	-0.685
6/27/2003 16:00:00	-0.688
7/4/2003 16:00:00	-0.690
7/11/2003 16:00:00	-0.692
7/18/2003 16:00:00	-0.690
7/25/2003 16:00:00	-0.685
8/1/2003 16:00:00	-0.675
8/8/2003 16:00:00	-0.665
8/15/2003 16:00:00	-0.655
8/22/2003 16:00:00	-0.647
8/29/2003 16:00:00	-0.641
9/5/2003 16:00:00	-0.640
9/12/2003 16:00:00	-0.642
9/19/2003 16:00:00	-0.647
9/26/2003 16:00:00	-0.653
10/3/2003 16:00:00	-0.661
10/10/2003 16:00:00	-0.669
10/17/2003 16:00:00	-0.677
10/24/2003 16:00:00	-0.683
10/31/2003 16:00:00	-0.687
11/7/2003 16:00:00	-0.689
11/14/2003 16:00:00	-0.689
11/21/2003 16:00:00	-0.688
11/28/2003 16:00:00	-0.686
12/5/2003 16:00:00	-0.684
12/12/2003 16:00:00	-0.685
12/19/2003 16:00:00	-0.688
12/26/2003 16:00:00	-0.694
1/2/2004 16:00:00	-0.704
1/9/2004 16:00:00	-0.718
1/16/2004 16:00:00	-0.732
1/23/2004 16:00:00	-0.747
1/30/2004 16:00:00	-0.760
2/6/2004 16:00:00	-0.771
2/13/2004 16:00:00	-0.780
2/20/2004 16:00:00	-0.786
2/27/2004 16:00:00	-0.790
3/5/2004 16:00:00	-0.791
3/12/2004 16:00:00	-0.789
3/19/2004 16:00:00	-0.785
3/26/2004 16:00:00	-0.778
4/2/2004 16:00:00	-0.769
4/9/2004 16:00:00	-0.758
4/16/2004 16:00:00	-0.744
4/23/2004 16:00:00	-0.729
4/30/2004 16:00:00	-0.714
5/7/2004 16:00:00	-0.699
5/14/2004 16:00:00	-0.686
5/21/2004 16:00:00	-0.676
5/28/2004 16:00:00	-0.668
6/4/2004 16:00:00	-0.663
6/11/2004 16:00:00	-0.660
6/18/2004 16:00:00	-0.659
6/25/2004 16:00:00	-0.659
7/2/2004 16:00:00	-0.660
7/9/2004 16:00:00	-0.663
7/16/2004 16:00:00	-0.665
7/23/2004 16:00:00	-0.667
7/30/2004 16:00:00	-0.669
8/6/2004 16:00:00	-0.670
8/13/2004 16:00:00	-0.672
8/20/2004 16:00:00	-0.673
8/27/2004 16:00:00	-0.673
9/3/2004 16:00:00	-0.672
9/10/2004 16:00:00	-0.672
9/17/2004 16:00:00	-0.671
9/24/2004 16:00:00	-0.670
10/1/2004 16:00:00	-0.670
10/8/2004 16:00:00	-0.670
10/15/2004 16:00:00	-0.671
10/22/2004 16:00:00	-0.674
10/29/2004 16:00:00	-0.677
11/5/2004 16:00:00	-0.681
11/12/2004 16:00:00	-0.685
11/19/2004 16:00:00	-0.686
11/26/2004 16:00:00	-0.686
12/3/2004 16:00:00	-0.684
12/10/2004 16:00:00	-0.681
12/17/2004 16:00:00	-0.676
12/24/2004 16:00:00	-0.670
12/31/2004 16:00:00	-0.666
1/7/2005 16:00:00	-0.664
1/14/2005 16:00:00	-0.665
1/21/2005 16:00:00	-0.668
1/28/2005 16:00:00	-0.673
2/4/2005 16:00:00	-0.679
2/11/2005 16:00:00	-0.682
2/18/2005 16:00:00	-0.683
2/25/2005 16:00:00	-0.680
3/4/2005 16:00:00	-0.673
3/11/2005 16:00:00	-0.662
3/18/2005 16:00:00	-0.648
3/25/2005 16:00:00	-0.634
4/1/2005 16:00:00	-0.619
4/8/2005 16:00:00	-0.606
4/15/2005 16:00:00	-0.595
4/22/2005 16:00:00	-0.585
4/29/2005 16:00:00	-0.578
5/6/2005 16:00:00	-0.573
5/13/2005 16:00:00	-0.569
5/20/2005 16:00:00	-0.568
5/27/2005 16:00:00	-0.568
6/3/2005 16:00:00	-0.568
6/10/2005 16:00:00	-0.569
6/17/2005 16:00:00	-0.570
6/24/2005 16:00:00	-0.572
7/1/2005 16:00:00	-0.574
7/8/2005 16:00:00	-0.576
7/15/2005 16:00:00	-0.579
7/22/2005 16:00:00	-0.581
7/29/2005 16:00:00	-0.582
8/5/2005 16:00:00	-0.581
8/12/2005 16:00:00	-0.578
8/19/2005 16:00:00	-0.573
8/26/2005 16:00:00	-0.566
9/2/2005 16:00:00	-0.557
9/9/2005 16:00:00	-0.549
9/16/2005 16:00:00	-0.541
9/23/2005 16:00:00	-0.535
9/30/2005 16:00:00	-0.532
10/7/2005 16:00:00	-0.533
10/14/2005 16:00:00	-0.537
10/21/2005 16:00:00	-0.543
10/28/2005 16:00:00	-0.549
11/4/2005 16:00:00	-0.553
11/11/2005 16:00:00	-0.554
11/18/2005 16:00:00	-0.551
11/25/2005 16:00:00	-0.546
12/2/2005 16:00:00	-0.539
12/9/2005 16:00:00	-0.532
12/16/2005 16:00:00	-0.526
12/23/2005 16:00:00	-0.525
12/30/2005 16:00:00	-0.527
1/6/2006 16:00:00	-0.534
1/13/2006 16:00:00	-0.545
1/20/2006 16:00:00	-0.556
1/27/2006 16:00:00	-0.568
2/3/2006 16:00:00	-0.579
2/10/2006 16:00:00	-0.588
2/17/2006 16:00:00	-0.594
2/24/2006 16:00:00	-0.597
3/3/2006 16:00:00	-0.597
3/10/2006 16:00:00	-0.596
3/17/2006 16:00:00	-0.594
3/24/2006 16:00:00	-0.592
3/31/2006 16:00:00	-0.589
4/7/2006 16:00:00	-0.586
4/14/2006 16:00:00	-0.584
4/21/2006 16:00:00	-0.582
4/28/2006 16:00:00	-0.579
5/5/2006 16:00:00	-0.573
5/12/2006 16:00:00	-0.566
5/19/2006 16:00:00	-0.554
5/26/2006 16:00:00	-0.541
6/2/2006 16:00:00	-0.526
6/9/2006 16:00:00	-0.512
6/16/2006 16:00:00	-0.500
6/23/2006 16:00:00	-0.491
6/30/2006 16:00:00	-0.487
7/7/2006 16:00:00	-0.488
7/14/2006 16:00:00	-0.494
7/21/2006 16:00:00	-0.504
7/28/2006 16:00:00	-0.518
8/4/2006 16:00:00	-0.532
8/11/2006 16:00:00	-0.545
8/18/2006 16:00:00	-0.555
8/25/2006 16:00:00	-0.562
9/1/2006 16:00:00	-0.565
9/8/2006 16:00:00	-0.565
9/15/2006 16:00:00	-0.564
9/22/2006 16:00:00	-0.563
9/29/2006 16:00:00	-0.564
10/6/2006 16:00:00	-0.568
10/13/2006 16:00:00	-0.574
10/20/2006 16:00:00	-0.580
10/27/2006 16:00:00	-0.586
11/3/2006 16:00:00	-0.590
11/10/2006 16:00:00	-0.591
11/17/2006 16:00:00	-0.589
11/24/2006 16:00:00	-0.585
12/1/2006 16:00:00	-0.580
12/8/2006 16:00:00	-0.577
12/15/2006 16:00:00	-0.578
12/22/2006 16:00:00	-0.582
12/29/2006 16:00:00	-0.591
1/5/2007 16:00:00	-0.603
1/12/2007 16:00:00	-0.617
1/19/2007 16:00:00	-0.629
1/26/2007 16:00:00	-0.639
2/2/2007 16:00:00	-0.644
2/9/2007 16:00:00	-0.643
2/16/2007 16:00:00	-0.636
2/23/2007 16:00:00	-0.624
3/2/2007 16:00:00	-0.609
3/9/2007 16:00:00	-0.595
3/16/2007 16:00:00	-0.583
3/23/2007 16:00:00	-0.575
3/30/2007 16:00:00	-0.569
4/6/2007 16:00:00	-0.565
4/13/2007 16:00:00	-0.561
4/20/2007 16:00:00	-0.556
4/27/2007 16:00:00	-0.548
5/4/2007 16:00:00	-0.539
5/11/2007 16:00:00	-0.529
5/18/2007 16:00:00	-0.520
5/25/2007 16:00:00	-0.511
6/1/2007 16:00:00	-0.504
6/8/2007 16:00:00	-0.501
6/15/2007 16:00:00	-0.498
6/22/2007 16:00:00	-0.493
6/29/2007 16:00:00	-0.481
7/6/2007 16:00:00	-0.457
7/13/2007 16:00:00	-0.413
7/20/2007 16:00:00	-0.345
7/27/2007 16:00:00	-0.251
8/3/2007 16:00:00	-0.140
8/10/2007 16:00:00	-0.020
8/17/2007 16:00:00	0.098
8/24/2007 16:00:00	0.192
8/31/2007 16:00:00	0.244
9/7/2007 16:00:00	0.259
9/14/2007 16:00:00	0.235
9/21/2007 16:00:00	0.177
9/28/2007 16:00:00	0.111
10/5/2007 16:00:00	0.049
10/12/2007 16:00:00	0.007
10/19/2007 16:00:00	-0.001
10/26/2007 16:00:00	0.029
11/2/2007 16:00:00	0.095
11/9/2007 16:00:00	0.193
11/16/2007 16:00:00	0.304
11/23/2007 16:00:00	0.418
11/30/2007 16:00:00	0.513
12/7/2007 16:00:00	0.577
12/14/2007 16:00:00	0.605
12/21/2007 16:00:00	0.595
12/28/2007 16:00:00	0.556
1/4/2008 16:00:00	0.508
1/11/2008 16:00:00	0.463
1/18/2008 16:00:00	0.438
1/25/2008 16:00:00	0.443
2/1/2008 16:00:00	0.472
2/8/2008 16:00:00	0.532
2/15/2008 16:00:00	0.616
2/22/2008 16:00:00	0.714
2/29/2008 16:00:00	0.813
3/7/2008 16:00:00	0.904
3/14/2008 16:00:00	0.964
3/21/2008 16:00:00	0.989
3/28/2008 16:00:00	0.968
4/4/2008 16:00:00	0.916
4/11/2008 16:00:00	0.842
4/18/2008 16:00:00	0.760
4/25/2008 16:00:00	0.674
5/2/2008 16:00:00	0.599
5/9/2008 16:00:00	0.544
5/16/2008 16:00:00	0.512
5/23/2008 16:00:00	0.507
5/30/2008 16:00:00	0.528
6/6/2008 16:00:00	0.573
6/13/2008 16:00:00	0.627
6/20/2008 16:00:00	0.683
6/27/2008 16:00:00	0.735
7/4/2008 16:00:00	0.767
7/11/2008 16:00:00	0.775
7/18/2008 16:00:00	0.765
7/25/2008 16:00:00	0.736
8/1/2008 16:00:00	0.704
8/8/2008 16:00:00	0.688
8/15/2008 16:00:00	0.695
8/22/2008 16:00:00	0.749
8/29/2008 16:00:00	0.857
9/5/2008 16:00:00	1.023
9/12/2008 16:00:00	1.244
9/19/2008 16:00:00	1.526
9/26/2008 16:00:00	1.808
10/3/2008 16:00:00	2.091
10/10/2008 16:00:00	2.347
10/17/2008 16:00:00	2.549
10/24/2008 16:00:00	2.698
10/31/2008 16:00:00	2.825
11/7/2008 16:00:00	2.921
11/14/2008 16:00:00	3.003
11/21/2008 16:00:00	3.077
11/28/2008 16:00:00	3.102
12/5/2008 16:00:00	3.092
12/12/2008 16:00:00	3.025
12/19/2008 16:00:00	2.898
12/26/2008 16:00:00	2.737
1/2/2009 16:00:00	2.582
1/9/2009 16:00:00	2.427
1/16/2009 16:00:00	2.301
1/23/2009 16:00:00	2.208
1/30/2009 16:00:00	2.146
2/6/2009 16:00:00	2.113
2/13/2009 16:00:00	2.111
2/20/2009 16:00:00	2.123
2/27/2009 16:00:00	2.135
3/6/2009 16:00:00	2.135
3/13/2009 16:00:00	2.094
3/20/2009 16:00:00	2.019
3/27/2009 16:00:00	1.913
4/3/2009 16:00:00	1.788
4/10/2009 16:00:00	1.648
4/17/2009 16:00:00	1.506
4/24/2009 16:00:00	1.368
5/1/2009 16:00:00	1.234
5/8/2009 16:00:00	1.113
5/15/2009 16:00:00	1.013
5/22/2009 16:00:00	0.931
5/29/2009 16:00:00	0.872
6/5/2009 16:00:00	0.825
6/12/2009 16:00:00	0.788
6/19/2009 16:00:00	0.757
6/26/2009 16:00:00	0.720
7/3/2009 16:00:00	0.675
7/10/2009 16:00:00	0.620
7/17/2009 16:00:00	0.555
7/24/2009 16:00:00	0.485
7/31/2009 16:00:00	0.418
8/7/2009 16:00:00	0.359
8/14/2009 16:00:00	0.310
8/21/2009 16:00:00	0.269
8/28/2009 16:00:00	0.232
9/4/2009 16:00:00	0.199
9/11/2009 16:00:00	0.166
9/18/2009 16:00:00	0.133
9/25/2009 16:00:00	0.105
10/2/2009 16:00:00	0.083
10/9/2009 16:00:00	0.063
10/16/2009 16:00:00	0.046
10/23/2009 16:00:00	0.033
10/30/2009 16:00:00	0.025
11/6/2009 16:00:00	0.016
11/13/2009 16:00:00	0.004
11/20/2009 16:00:00	-0.010
11/27/2009 16:00:00	-0.029
12/4/2009 16:00:00	-0.054
12/11/2009 16:00:00	-0.085
12/18/2009 16:00:00	-0.118
12/25/2009 16:00:00	-0.150
1/1/2010 16:00:00	-0.176
1/8/2010 16:00:00	-0.196
1/15/2010 16:00:00	-0.206
1/22/2010 16:00:00	-0.206
1/29/2010 16:00:00	-0.202
2/5/2010 16:00:00	-0.199
2/12/2010 16:00:00	-0.203
2/19/2010 16:00:00	-0.220
2/26/2010 16:00:00	-0.249
3/5/2010 16:00:00	-0.289
3/12/2010 16:00:00	-0.336
3/19/2010 16:00:00	-0.384
3/26/2010 16:00:00	-0.427
4/2/2010 16:00:00	-0.459
4/9/2010 16:00:00	-0.473
4/16/2010 16:00:00	-0.464
4/23/2010 16:00:00	-0.431
4/30/2010 16:00:00	-0.374
5/7/2010 16:00:00	-0.299
5/14/2010 16:00:00	-0.223
5/21/2010 16:00:00	-0.151
5/28/2010 16:00:00	-0.096
6/4/2010 16:00:00	-0.065
6/11/2010 16:00:00	-0.055
6/18/2010 16:00:00	-0.069
6/25/2010 16:00:00	-0.097
7/2/2010 16:00:00	-0.131
7/9/2010 16:00:00	-0.172
7/16/2010 16:00:00	-0.212
7/23/2010 16:00:00	-0.245
7/30/2010 16:00:00	-0.269
8/6/2010 16:00:00	-0.283
8/13/2010 16:00:00	-0.288
8/20/2010 16:00:00	-0.290
8/27/2010 16:00:00	-0.292
9/3/2010 16:00:00	-0.300
9/10/2010 16:00:00	-0.314
9/17/2010 16:00:00	-0.334
9/24/2010 16:00:00	-0.356
10/1/2010 16:00:00	-0.381
10/8/2010 16:00:00	-0.405
10/15/2010 16:00:00	-0.428
10/22/2010 16:00:00	-0.446
10/29/2010 16:00:00	-0.460
11/5/2010 16:00:00	-0.470
11/12/2010 16:00:00	-0.474
11/19/2010 16:00:00	-0.477
11/26/2010 16:00:00	-0.479
12/3/2010 16:00:00	-0.485
12/10/2010 16:00:00	-0.497
12/17/2010 16:00:00	-0.512
12/24/2010 16:00:00	-0.532
12/31/2010 16:00:00	-0.553
1/7/2011 16:00:00	-0.575
1/14/2011 16:00:00	-0.595
1/21/2011 16:00:00	-0.612
1/28/2011 16:00:00	-0.623
2/4/2011 16:00:00	-0.628
2/11/2011 16:00:00	-0.626
2/18/2011 16:00:00	-0.616
2/25/2011 16:00:00	-0.601
3/4/2011 16:00:00	-0.587
3/11/2011 16:00:00	-0.576
3/18/2011 16:00:00	-0.570
3/25/2011 16:00:00	-0.575
4/1/2011 16:00:00	-0.585
4/8/2011 16:00:00	-0.599
4/15/2011 16:00:00	-0.612
4/22/2011 16:00:00	-0.622
4/29/2011 16:00:00	-0.626
5/6/2011 16:00:00	-0.624
5/13/2011 16:00:00	-0.615
5/20/2011 16:00:00	-0.604
5/27/2011 16:00:00	-0.591
6/3/2011 16:00:00	-0.578
6/10/2011 16:00:00	-0.566
6/17/2011 16:00:00	-0.558
6/24/2011 16:00:00	-0.551
7/1/2011 16:00:00	-0.543
7/8/2011 16:00:00	-0.531
7/15/2011 16:00:00	-0.509
7/22/2011 16:00:00	-0.476
7/29/2011 16:00:00	-0.429
8/5/2011 16:00:00	-0.368
8/12/2011 16:00:00	-0.300
8/19/2011 16:00:00	-0.239
8/26/2011 16:00:00	-0.184
9/2/2011 16:00:00	-0.144
9/9/2011 16:00:00	-0.114
9/16/2011 16:00:00	-0.098
9/23/2011 16:00:00	-0.090
9/30/2011 16:00:00	-0.093
10/7/2011 16:00:00	-0.106
10/14/2011 16:00:00	-0.127
10/21/2011 16:00:00	-0.144
10/28/2011 16:00:00	-0.159
11/4/2011 16:00:00	-0.161
11/11/2011 16:00:00	-0.155
11/18/2011 16:00:00	-0.145
11/25/2011 16:00:00	-0.133
12/2/2011 16:00:00	-0.132
12/9/2011 16:00:00	-0.138
12/16/2011 16:00:00	-0.151
12/23/2011 16:00:00	-0.174
12/30/2011 16:00:00	-0.206
1/6/2012 16:00:00	-0.245
1/13/2012 16:00:00	-0.289
1/20/2012 16:00:00	-0.333
1/27/2012 16:00:00	-0.373
2/3/2012 16:00:00	-0.404
2/10/2012 16:00:00	-0.427
2/17/2012 16:00:00	-0.443
2/24/2012 16:00:00	-0.455
3/2/2012 16:00:00	-0.465
3/9/2012 16:00:00	-0.473
3/16/2012 16:00:00	-0.480
3/23/2012 16:00:00	-0.483
3/30/2012 16:00:00	-0.482
4/6/2012 16:00:00	-0.475
4/13/2012 16:00:00	-0.463
4/20/2012 16:00:00	-0.449
4/27/2012 16:00:00	-0.429
5/4/2012 16:00:00	-0.403
5/11/2012 16:00:00	-0.373
5/18/2012 16:00:00	-0.340
5/25/2012 16:00:00	-0.314
6/1/2012 16:00:00	-0.295
6/8/2012 16:00:00	-0.287
6/15/2012 16:00:00	-0.291
6/22/2012 16:00:00	-0.305
6/29/2012 16:00:00	-0.324
7/6/2012 16:00:00	-0.346
7/13/2012 16:00:00	-0.369
7/20/2012 16:00:00	-0.393
7/27/2012 16:00:00	-0.414
8/3/2012 16:00:00	-0.434
8/10/2012 16:00:00	-0.453
8/17/2012 16:00:00	-0.470
8/24/2012 16:00:00	-0.487
8/31/2012 16:00:00	-0.503
9/7/2012 16:00:00	-0.520
9/14/2012 16:00:00	-0.538
9/21/2012 16:00:00	-0.553
9/28/2012 16:00:00	-0.565
10/5/2012 16:00:00	-0.575
10/12/2012 16:00:00	-0.581
10/19/2012 16:00:00	-0.585
10/26/2012 16:00:00	-0.584
11/2/2012 16:00:00	-0.582
11/9/2012 16:00:00	-0.579
11/16/2012 16:00:00	-0.578
11/23/2012 16:00:00	-0.581
11/30/2012 16:00:00	-0.585
12/7/2012 16:00:00	-0.593
12/14/2012 16:00:00	-0.603
12/21/2012 16:00:00	-0.615
12/28/2012 16:00:00	-0.626
1/4/2013 16:00:00	-0.640
1/11/2013 16:00:00	-0.653
1/18/2013 16:00:00	-0.662
1/25/2013 16:00:00	-0.669
2/1/2013 16:00:00	-0.672
2/8/2013 16:00:00	-0.674
2/15/2013 16:00:00	-0.675
2/22/2013 16:00:00	-0.676
3/1/2013 16:00:00	-0.677
3/8/2013 16:00:00	-0.680
3/15/2013 16:00:00	-0.683
3/22/2013 16:00:00	-0.687
3/29/2013 16:00:00	-0.693
4/5/2013 16:00:00	-0.700
4/12/2013 16:00:00	-0.711
4/19/2013 16:00:00	-0.722
4/26/2013 16:00:00	-0.733
5/3/2013 16:00:00	-0.742
5/10/2013 16:00:00	-0.746
5/17/2013 16:00:00	-0.742
5/24/2013 16:00:00	-0.732
5/31/2013 16:00:00	-0.715
6/7/2013 16:00:00	-0.696
6/14/2013 16:00:00	-0.678
6/21/2013 16:00:00	-0.663
6/28/2013 16:00:00	-0.656
7/5/2013 16:00:00	-0.657
7/12/2013 16:00:00	-0.664
7/19/2013 16:00:00	-0.675
7/26/2013 16:00:00	-0.686
8/2/2013 16:00:00	-0.694
8/9/2013 16:00:00	-0.697
8/16/2013 16:00:00	-0.696
8/23/2013 16:00:00	-0.691
8/30/2013 16:00:00	-0.687
9/6/2013 16:00:00	-0.685
9/13/2013 16:00:00	-0.687
9/20/2013 16:00:00	-0.692
9/27/2013 16:00:00	-0.700
10/4/2013 16:00:00	-0.709
10/11/2013 16:00:00	-0.722
10/18/2013 16:00:00	-0.736
10/25/2013 16:00:00	-0.749
11/1/2013 16:00:00	-0.761
11/8/2013 16:00:00	-0.771
11/15/2013 16:00:00	-0.779
11/22/2013 16:00:00	-0.785
11/29/2013 16:00:00	-0.789
12/6/2013 16:00:00	-0.793
12/13/2013 16:00:00	-0.795
12/20/2013 16:00:00	-0.796
12/27/2013 16:00:00	-0.797
1/3/2014 16:00:00	-0.795
1/10/2014 16:00:00	-0.792
1/17/2014 16:00:00	-0.788
1/24/2014 16:00:00	-0.784
1/31/2014 16:00:00	-0.782
2/7/2014 16:00:00	-0.783
2/14/2014 16:00:00	-0.786
2/21/2014 16:00:00	-0.790
2/28/2014 16:00:00	-0.794
3/7/2014 16:00:00	-0.797
3/14/2014 16:00:00	-0.797
3/21/2014 16:00:00	-0.796
3/28/2014 16:00:00	-0.793
4/4/2014 16:00:00	-0.790
4/11/2014 16:00:00	-0.787
4/18/2014 16:00:00	-0.785
4/25/2014 16:00:00	-0.784
5/2/2014 16:00:00	-0.785
5/9/2014 16:00:00	-0.788
5/16/2014 16:00:00	-0.792
5/23/2014 16:00:00	-0.798
5/30/2014 16:00:00	-0.803
6/6/2014 16:00:00	-0.807
6/13/2014 16:00:00	-0.807
6/20/2014 16:00:00	-0.803
6/27/2014 16:00:00	-0.796
7/4/2014 16:00:00	-0.787
7/11/2014 16:00:00	-0.775
7/18/2014 16:00:00	-0.763
7/25/2014 16:00:00	-0.753
8/1/2014 16:00:00	-0.744
8/8/2014 16:00:00	-0.739
8/15/2014 16:00:00	-0.739
8/22/2014 16:00:00	-0.738
8/29/2014 16:00:00	-0.735
9/5/2014 16:00:00	-0.729
9/12/2014 16:00:00	-0.717
9/19/2014 16:00:00	-0.702
9/26/2014 16:00:00	-0.685
10/3/2014 16:00:00	-0.669
10/10/2014 16:00:00	-0.657
10/17/2014 16:00:00	-0.649
10/24/2014 16:00:00	-0.650
10/31/2014 16:00:00	-0.655
11/7/2014 16:00:00	-0.662
11/14/2014 16:00:00	-0.666
11/21/2014 16:00:00	-0.666
11/28/2014 16:00:00	-0.659
12/5/2014 16:00:00	-0.646
12/12/2014 16:00:00	-0.626
12/19/2014 16:00:00	-0.603
12/26/2014 16:00:00	-0.581
1/2/2015 16:00:00	-0.559
1/9/2015 16:00:00	-0.541
1/16/2015 16:00:00	-0.526
1/23/2015 16:00:00	-0.517
1/30/2015 16:00:00	-0.514
2/6/2015 16:00:00	-0.515
2/13/2015 16:00:00	-0.519
2/20/2015 16:00:00	-0.525
2/27/2015 16:00:00	-0.532
3/6/2015 16:00:00	-0.537
3/13/2015 16:00:00	-0.541
3/20/2015 16:00:00	-0.544
3/27/2015 16:00:00	-0.546
4/3/2015 16:00:00	-0.548
4/10/2015 16:00:00	-0.550
4/17/2015 16:00:00	-0.551
4/24/2015 16:00:00	-0.553
5/1/2015 16:00:00	-0.554
5/8/2015 16:00:00	-0.553
5/15/2015 16:00:00	-0.554
5/22/2015 16:00:00	-0.554
5/29/2015 16:00:00	-0.554
6/5/2015 16:00:00	-0.553
6/12/2015 16:00:00	-0.552
6/19/2015 16:00:00	-0.549
6/26/2015 16:00:00	-0.547
7/3/2015 16:00:00	-0.542
7/10/2015 16:00:00	-0.537
7/17/2015 16:00:00	-0.531
7/24/2015 16:00:00	-0.521
7/31/2015 16:00:00	-0.506
8/7/2015 16:00:00	-0.487
8/14/2015 16:00:00	-0.466
8/21/2015 16:00:00	-0.443
8/28/2015 16:00:00	-0.423
9/4/2015 16:00:00	-0.410
9/11/2015 16:00:00	-0.405
9/18/2015 16:00:00	-0.405
9/25/2015 16:00:00	-0.411
10/2/2015 16:00:00	-0.420
10/9/2015 16:00:00	-0.436
10/16/2015 16:00:00	-0.450
10/23/2015 16:00:00	-0.463
10/30/2015 16:00:00	-0.471
11/6/2015 16:00:00	-0.474
11/13/2015 16:00:00	-0.470
11/20/2015 16:00:00	-0.461
11/27/2015 16:00:00	-0.446
12/4/2015 16:00:00	-0.427
12/11/2015 16:00:00	-0.405
12/18/2015 16:00:00	-0.383
12/25/2015 16:00:00	-0.363
1/1/2016 16:00:00	-0.346
1/8/2016 16:00:00	-0.331
1/15/2016 16:00:00	-0.318
1/22/2016 16:00:00	-0.310
1/29/2016 16:00:00	-0.305
2/5/2016 16:00:00	-0.303
2/12/2016 16:00:00	-0.304
2/19/2016 16:00:00	-0.313
2/26/2016 16:00:00	-0.326
3/4/2016 16:00:00	-0.342
3/11/2016 16:00:00	-0.357
3/18/2016 16:00:00	-0.370
3/25/2016 16:00:00	-0.379
4/1/2016 16:00:00	-0.386
4/8/2016 16:00:00	-0.389
4/15/2016 16:00:00	-0.392
4/22/2016 16:00:00	-0.393
4/29/2016 16:00:00	-0.393
5/6/2016 16:00:00	-0.391
5/13/2016 16:00:00	-0.389
5/20/2016 16:00:00	-0.386
5/27/2016 16:00:00	-0.381
6/3/2016 16:00:00	-0.375
6/10/2016 16:00:00	-0.369
6/17/2016 16:00:00	-0.362
6/24/2016 16:00:00	-0.357
7/1/2016 16:00:00	-0.355
7/8/2016 16:00:00	-0.356
7/15/2016 16:00:00	-0.360
7/22/2016 16:00:00	-0.363
7/29/2016 16:00:00	-0.367
8/5/2016 16:00:00	-0.369
8/12/2016 16:00:00	-0.368
8/19/2016 16:00:00	-0.365
8/26/2016 16:00:00	-0.360
9/2/2016 16:00:00	-0.353
9/9/2016 16:00:00	-0.347
9/16/2016 16:00:00	-0.343
9/23/2016 16:00:00	-0.343
9/30/2016 16:00:00	-0.346
10/7/2016 16:00:00	-0.354
10/14/2016 16:00:00	-0.363
10/21/2016 16:00:00	-0.374
10/28/2016 16:00:00	-0.387
11/4/2016 16:00:00	-0.399
11/11/2016 16:00:00	-0.413
11/18/2016 16:00:00	-0.425
11/25/2016 16:00:00	-0.436
12/2/2016 16:00:00	-0.446
12/9/2016 16:00:00	-0.454
12/16/2016 16:00:00	-0.461
12/23/2016 16:00:00	-0.467
12/30/2016 16:00:00	-0.473
1/6/2017 16:00:00	-0.478
1/13/2017 16:00:00	-0.484
1/20/2017 16:00:00	-0.489
1/27/2017 16:00:00	-0.492
2/3/2017 16:00:00	-0.494
2/10/2017 16:00:00	-0.496
2/17/2017 16:00:00	-0.495
2/24/2017 16:00:00	-0.493
3/3/2017 16:00:00	-0.491
3/10/2017 16:00:00	-0.488
3/17/2017 16:00:00	-0.486
3/24/2017 16:00:00	-0.485
3/31/2017 16:00:00	-0.486
4/7/2017 16:00:00	-0.489
4/14/2017 16:00:00	-0.495
4/21/2017 16:00:00	-0.503
4/28/2017 16:00:00	-0.513
5/5/2017 16:00:00	-0.522
5/12/2017 16:00:00	-0.532
5/19/2017 16:00:00	-0.541
5/26/2017 16:00:00	-0.549
6/2/2017 16:00:00	-0.556
6/9/2017 16:00:00	-0.561
6/16/2017 16:00:00	-0.565
6/23/2017 16:00:00	-0.568
6/30/2017 16:00:00	-0.571
7/7/2017 16:00:00	-0.574
7/14/2017 16:00:00	-0.577
7/21/2017 16:00:00	-0.579
7/28/2017 16:00:00	-0.579
8/4/2017 16:00:00	-0.576
8/11/2017 16:00:00	-0.571
8/18/2017 16:00:00	-0.566
8/25/2017 16:00:00	-0.562
9/1/2017 16:00:00	-0.559
9/8/2017 16:00:00	-0.559
9/15/2017 16:00:00	-0.562
9/22/2017 16:00:00	-0.566
9/29/2017 16:00:00	-0.572
10/6/2017 16:00:00	-0.578
10/13/2017 16:00:00	-0.585
10/20/2017 16:00:00	-0.592
10/27/2017 16:00:00	-0.597
11/3/2017 16:00:00	-0.601
11/10/2017 16:00:00	-0.603
11/17/2017 16:00:00	-0.604
11/24/2017 16:00:00	-0.604
12/1/2017 16:00:00	-0.605
12/8/2017 16:00:00	-0.606
12/15/2017 16:00:00	-0.608
12/22/2017 16:00:00	-0.612
12/29/2017 16:00:00	-0.615
1/5/2018 16:00:00	-0.619
1/12/2018 16:00:00	-0.619
1/19/2018 16:00:00	-0.614
1/26/2018 16:00:00	-0.606
2/2/2018 16:00:00	-0.592
2/9/2018 16:00:00	-0.575
2/16/2018 16:00:00	-0.559
2/23/2018 16:00:00	-0.544
3/2/2018 16:00:00	-0.530
3/9/2018 16:00:00	-0.516
3/16/2018 16:00:00	-0.506
3/23/2018 16:00:00	-0.499
3/30/2018 16:00:00	-0.497
4/6/2018 16:00:00	-0.501
4/13/2018 16:00:00	-0.512
4/20/2018 16:00:00	-0.526
4/27/2018 16:00:00	-0.539
5/4/2018 16:00:00	-0.552
5/11/2018 16:00:00	-0.561
5/18/2018 16:00:00	-0.566
5/25/2018 16:00:00	-0.567
6/1/2018 16:00:00	-0.562
6/8/2018 16:00:00	-0.557
6/15/2018 16:00:00	-0.551
6/22/2018 16:00:00	-0.545
6/29/2018 16:00:00	-0.543
7/6/2018 16:00:00	-0.544
7/13/2018 16:00:00	-0.549
7/20/2018 16:00:00	-0.557
7/27/2018 16:00:00	-0.566
8/3/2018 16:00:00	-0.575
8/10/2018 16:00:00	-0.584
8/17/2018 16:00:00	-0.591
8/24/2018 16:00:00	-0.596
8/31/2018 16:00:00	-0.600
9/7/2018 16:00:00	-0.602
9/14/2018 16:00:00	-0.603
9/21/2018 16:00:00	-0.600
9/28/2018 16:00:00	-0.596
10/5/2018 16:00:00	-0.589
10/12/2018 16:00:00	-0.580
10/19/2018 16:00:00	-0.569
10/26/2018 16:00:00	-0.555
11/2/2018 16:00:00	-0.541
11/9/2018 16:00:00	-0.525
11/16/2018 16:00:00	-0.506
11/23/2018 16:00:00	-0.485
11/30/2018 16:00:00	-0.466
12/7/2018 16:00:00	-0.448
12/14/2018 16:00:00	-0.435
12/21/2018 16:00:00	-0.430
12/28/2018 16:00:00	-0.433
1/4/2019 16:00:00	-0.446
1/11/2019 16:00:00	-0.466
1/18/2019 16:00:00	-0.489
1/25/2019 16:00:00	-0.513
2/1/2019 16:00:00	-0.536
2/8/2019 16:00:00	-0.556
2/15/2019 16:00:00	-0.573
2/22/2019 16:00:00	-0.586
3/1/2019 16:00:00	-0.594
3/8/2019 16:00:00	-0.599
3/15/2019 16:00:00	-0.603
3/22/2019 16:00:00	-0.607
3/29/2019 16:00:00	-0.610
4/5/2019 16:00:00	-0.614
4/12/2019 16:00:00	-0.617
4/19/2019 16:00:00	-0.619
4/26/2019 16:00:00	-0.618
5/3/2019 16:00:00	-0.615
5/10/2019 16:00:00	-0.608
5/17/2019 16:00:00	-0.599
5/24/2019 16:00:00	-0.591
5/31/2019 16:00:00	-0.583
6/7/2019 16:00:00	-0.578
6/14/2019 16:00:00	-0.576
6/21/2019 16:00:00	-0.576
6/28/2019 16:00:00	-0.578
7/5/2019 16:00:00	-0.582
7/12/2019 16:00:00	-0.584
7/19/2019 16:00:00	-0.584
7/26/2019 16:00:00	-0.581
8/2/2019 16:00:00	-0.573
8/9/2019 16:00:00	-0.561
8/16/2019 16:00:00	-0.550
8/23/2019 16:00:00	-0.539
8/30/2019 16:00:00	-0.529
9/6/2019 16:00:00	-0.522
9/13/2019 16:00:00	-0.517
9/20/2019 16:00:00	-0.513
9/27/2019 16:00:00	-0.514
10/4/2019 16:00:00	-0.518
10/11/2019 16:00:00	-0.527
10/18/2019 16:00:00	-0.539
10/25/2019 16:00:00	-0.554
11/1/2019 16:00:00	-0.566
11/8/2019 16:00:00	-0.575
11/15/2019 16:00:00	-0.580
11/22/2019 16:00:00	-0.579
11/29/2019 16:00:00	-0.574
12/6/2019 16:00:00	-0.565
12/13/2019 16:00:00	-0.557
12/20/2019 16:00:00	-0.554
12/27/2019 16:00:00	-0.559
1/3/2020 16:00:00	-0.573
1/10/2020 16:00:00	-0.593
1/17/2020 16:00:00	-0.615
1/24/2020 16:00:00	-0.629
1/31/2020 16:00:00	-0.626
2/7/2020 16:00:00	-0.598
2/14/2020 16:00:00	-0.537
2/21/2020 16:00:00	-0.434
2/28/2020 16:00:00	-0.293
3/6/2020 16:00:00	-0.130
3/13/2020 16:00:00	0.037
3/20/2020 16:00:00	0.183
3/27/2020 16:00:00	0.275
4/3/2020 16:00:00	0.313
4/10/2020 16:00:00	0.298
4/17/2020 16:00:00	0.242
4/24/2020 16:00:00	0.162
5/1/2020 16:00:00	0.063
5/8/2020 16:00:00	-0.037
5/15/2020 16:00:00	-0.127
5/22/2020 16:00:00	-0.207
5/29/2020 16:00:00	-0.270
6/5/2020 16:00:00	-0.317
6/12/2020 16:00:00	-0.346
6/19/2020 16:00:00	-0.369
6/26/2020 16:00:00	-0.386
7/3/2020 16:00:00	-0.403
7/10/2020 16:00:00	-0.422
7/17/2020 16:00:00	-0.440
7/24/2020 16:00:00	-0.460
7/31/2020 16:00:00	-0.478
8/7/2020 16:00:00	-0.492
8/14/2020 16:00:00	-0.502
8/21/2020 16:00:00	-0.509
8/28/2020 16:00:00	-0.511
9/4/2020 16:00:00	-0.509
9/11/2020 16:00:00	-0.505
9/18/2020 16:00:00	-0.501
9/25/2020 16:00:00	-0.495
10/2/2020 16:00:00	-0.492
10/9/2020 16:00:00	-0.492
10/16/2020 16:00:00	-0.495
10/23/2020 16:00:00	-0.501
10/30/2020 16:00:00	-0.510
11/6/2020 16:00:00	-0.524
11/13/2020 16:00:00	-0.541
11/20/2020 16:00:00	-0.557
11/27/2020 16:00:00	-0.572
12/4/2020 16:00:00	-0.585
12/11/2020 16:00:00	-0.595
12/18/2020 16:00:00	-0.602
12/25/2020 16:00:00	-0.608
1/1/2021 16:00:00	-0.614
1/8/2021 16:00:00	-0.618
1/15/2021 16:00:00	-0.621
1/22/2021 16:00:00	-0.623
1/29/2021 16:00:00	-0.623
2/5/2021 16:00:00	-0.625
2/12/2021 16:00:00	-0.627
2/19/2021 16:00:00	-0.629
2/26/2021 16:00:00	-0.631
3/5/2021 16:00:00	-0.635
3/12/2021 16:00:00	-0.640
3/19/2021 16:00:00	-0.645
3/26/2021 16:00:00	-0.652
4/2/2021 16:00:00	-0.659
4/9/2021 16:00:00	-0.668
4/16/2021 16:00:00	-0.675
4/23/2021 16:00:00	-0.681
4/30/2021 16:00:00	-0.686
5/7/2021 16:00:00	-0.691
5/14/2021 16:00:00	-0.694
5/21/2021 16:00:00	-0.696
5/28/2021 16:00:00	-0.698
6/4/2021 16:00:00	-0.699
6/11/2021 16:00:00	-0.698
6/18/2021 16:00:00	-0.695
6/25/2021 16:00:00	-0.691
7/2/2021 16:00:00	-0.686
7/9/2021 16:00:00	-0.679
7/16/2021 16:00:00	-0.672
7/23/2021 16:00:00	-0.665
7/30/2021 16:00:00	-0.660
8/6/2021 16:00:00	-0.655
8/13/2021 16:00:00	-0.652
8/20/2021 16:00:00	-0.651
8/27/2021 16:00:00	-0.652
9/3/2021 16:00:00	-0.653
9/10/2021 16:00:00	-0.655
9/17/2021 16:00:00	-0.657
9/24/2021 16:00:00	-0.658
10/1/2021 16:00:00	-0.658
10/8/2021 16:00:00	-0.656
10/15/2021 16:00:00	-0.650
10/22/2021 16:00:00	-0.640
10/29/2021 16:00:00	-0.626
11/5/2021 16:00:00	-0.608
11/12/2021 16:00:00	-0.588
11/19/2021 16:00:00	-0.570
11/26/2021 16:00:00	-0.554
12/3/2021 16:00:00	-0.543
12/10/2021 16:00:00	-0.541
12/17/2021 16:00:00	-0.544
12/24/2021 16:00:00	-0.551
12/31/2021 16:00:00	-0.559
1/7/2022 16:00:00	-0.565
1/14/2022 16:00:00	-0.564
1/21/2022 16:00:00	-0.557
1/28/2022 16:00:00	-0.543
2/4/2022 16:00:00	-0.523
2/11/2022 16:00:00	-0.497
2/18/2022 16:00:00	-0.467
2/25/2022 16:00:00	-0.437
3/4/2022 16:00:00	-0.410
3/11/2022 16:00:00	-0.389
3/18/2022 16:00:00	-0.377
3/25/2022 16:00:00	-0.370
4/1/2022 16:00:00	-0.368
4/8/2022 16:00:00	-0.365
4/15/2022 16:00:00	-0.358
4/22/2022 16:00:00	-0.347
4/29/2022 16:00:00	-0.332
5/6/2022 16:00:00	-0.314
5/13/2022 16:00:00	-0.295
5/20/2022 16:00:00	-0.275
5/27/2022 16:00:00	-0.253
6/3/2022 16:00:00	-0.229
6/10/2022 16:00:00	-0.204
6/17/2022 16:00:00	-0.179
6/24/2022 16:00:00	-0.163
7/1/2022 16:00:00	-0.157
7/8/2022 16:00:00	-0.161
7/15/2022 16:00:00	-0.175
7/22/2022 16:00:00	-0.194
7/29/2022 16:00:00	-0.213
8/5/2022 16:00:00	-0.227
8/12/2022 16:00:00	-0.234
8/19/2022 16:00:00	-0.232
8/26/2022 16:00:00	-0.219
9/2/2022 16:00:00	-0.198
9/9/2022 16:00:00	-0.171
9/16/2022 16:00:00	-0.143
9/23/2022 16:00:00	-0.116
9/30/2022 16:00:00	-0.097
10/7/2022 16:00:00	-0.089
10/14/2022 16:00:00	-0.091
10/21/2022 16:00:00	-0.101
10/28/2022 16:00:00	-0.117
11/4/2022 16:00:00	-0.136
11/11/2022 16:00:00	-0.154
11/18/2022 16:00:00	-0.167
11/25/2022 16:00:00	-0.176
12/2/2022 16:00:00	-0.181
12/9/2022 16:00:00	-0.184
12/16/2022 16:00:00	-0.191
12/23/2022 16:00:00	-0.201
12/30/2022 16:00:00	-0.218
1/6/2023 16:00:00	-0.241
1/13/2023 16:00:00	-0.266
1/20/2023 16:00:00	-0.287
1/27/2023 16:00:00	-0.304
2/3/2023 16:00:00	-0.312
2/10/2023 16:00:00	-0.308
2/17/2023 16:00:00	-0.293
2/24/2023 16:00:00	-0.267
3/3/2023 16:00:00	-0.236
3/10/2023 16:00:00	-0.202
3/17/2023 16:00:00	-0.170
3/24/2023 16:00:00	-0.151
3/31/2023 16:00:00	-0.147
4/7/2023 16:00:00	-0.150
4/14/2023 16:00:00	-0.161
4/21/2023 16:00:00	-0.175
4/28/2023 16:00:00	-0.187
5/5/2023 16:00:00	-0.196
5/12/2023 16:00:00	-0.204
5/19/2023 16:00:00	-0.209
5/26/2023 16:00:00	-0.212
6/2/2023 16:00:00	-0.214
6/9/2023 16:00:00	-0.215
6/16/2023 16:00:00	-0.217
6/23/2023 16:00:00	-0.221
6/30/2023 16:00:00	-0.228
7/7/2023 16:00:00	-0.236
7/14/2023 16:00:00	-0.249
7/21/2023 16:00:00	-0.264
7/28/2023 16:00:00	-0.280
8/4/2023 16:00:00	-0.297
8/11/2023 16:00:00	-0.313
8/18/2023 16:00:00	-0.325
8/25/2023 16:00:00	-0.333
9/1/2023 16:00:00	-0.338
9/8/2023 16:00:00	-0.338
9/15/2023 16:00:00	-0.333
9/22/2023 16:00:00	-0.323
9/29/2023 16:00:00	-0.311
10/6/2023 16:00:00	-0.299
10/13/2023 16:00:00	-0.290
10/20/2023 16:00:00	-0.284
10/27/2023 16:00:00	-0.283
11/3/2023 16:00:00	-0.288
11/10/2023 16:00:00	-0.297
11/17/2023 16:00:00	-0.308
11/24/2023 16:00:00	-0.320
12/1/2023 16:00:00	-0.331
12/8/2023 16:00:00	-0.340
12/15/2023 16:00:00	-0.349
12/22/2023 16:00:00	-0.359
12/29/2023 16:00:00	-0.367
1/5/2024 16:00:00	-0.375
1/12/2024 16:00:00	-0.383
1/19/2024 16:00:00	-0.390
1/26/2024 16:00:00	-0.396
2/2/2024 16:00:00	-0.403
2/9/2024 16:00:00	-0.411
2/16/2024 16:00:00	-0.419
2/23/2024 16:00:00	-0.427
3/1/2024 16:00:00	-0.434
3/8/2024 16:00:00	-0.438
3/15/2024 16:00:00	-0.439
3/22/2024 16:00:00	-0.438
3/29/2024 16:00:00	-0.433
4/5/2024 16:00:00	-0.428
4/12/2024 16:00:00	-0.422
4/19/2024 16:00:00	-0.416
4/26/2024 16:00:00	-0.414
5/3/2024 16:00:00	-0.413
5/10/2024 16:00:00	-0.414
5/17/2024 16:00:00	-0.414
5/24/2024 16:00:00	-0.413
5/31/2024 16:00:00	-0.409
6/7/2024 16:00:00	-0.403
6/14/2024 16:00:00	-0.396
6/21/2024 16:00:00	-0.388
6/28/2024 16:00:00	-0.381
7/5/2024 16:00:00	-0.375
7/12/2024 16:00:00	-0.369
7/19/2024 16:00:00	-0.364
7/26/2024 16:00:00	-0.361
8/2/2024 16:00:00	-0.359
8/9/2024 16:00:00	-0.360
8/16/2024 16:00:00	-0.369
8/23/2024 16:00:00	-0.379
8/30/2024 16:00:00	-0.391
9/6/2024 16:00:00	-0.402
9/13/2024 16:00:00	-0.412
9/20/2024 16:00:00	-0.421
9/27/2024 16:00:00	-0.427
10/4/2024 16:00:00	-0.432
10/11/2024 16:00:00	-0.436
10/18/2024 16:00:00	-0.441
10/25/2024 16:00:00	-0.446
11/1/2024 16:00:00	-0.452
11/8/2024 16:00:00	-0.460
11/15/2024 16:00:00	-0.468
11/22/2024 16:00:00	-0.473
11/29/2024 16:00:00	-0.477
12/6/2024 16:00:00	-0.479
12/13/2024 16:00:00	-0.481
12/20/2024 16:00:00	-0.482
12/27/2024 16:00:00	-0.486
1/3/2025 16:00:00	-0.490
1/10/2025 16:00:00	-0.496
1/17/2025 16:00:00	-0.501
1/24/2025 16:00:00	-0.506
1/31/2025 16:00:00	-0.509
2/7/2025 16:00:00	-0.508
2/14/2025 16:00:00	-0.503
2/21/2025 16:00:00	-0.494
2/28/2025 16:00:00	-0.480
3/7/2025 16:00:00	-0.463
3/14/2025 16:00:00	-0.444
3/21/2025 16:00:00	-0.426
3/28/2025 16:00:00	-0.409
4/4/2025 16:00:00	-0.393
4/11/2025 16:00:00	-0.382
4/18/2025 16:00:00	-0.383
4/25/2025 16:00:00	-0.389
5/2/2025 16:00:00	-0.403
5/9/2025 16:00:00	-0.421
5/16/2025 16:00:00	-0.438
5/23/2025 16:00:00	-0.454
5/30/2025 16:00:00	-0.466
6/6/2025 16:00:00	-0.476
6/13/2025 16:00:00	-0.483
6/20/2025 16:00:00	-0.490
6/27/2025 16:00:00	-0.496
7/4/2025 16:00:00	-0.503
7/11/2025 16:00:00	-0.510
7/18/2025 16:00:00	-0.515
7/25/2025 16:00:00	-0.519
8/1/2025 16:00:00	-0.521
8/8/2025 16:00:00	-0.523
8/15/2025 16:00:00	-0.526
8/22/2025 16:00:00	-0.527
8/29/2025 16:00:00	-0.528
9/5/2025 16:00:00	-0.528
9/12/2025 16:00:00	-0.528
9/19/2025 16:00:00	-0.527
9/26/2025 16:00:00	-0.527
10/3/2025 16:00:00	-0.526
10/10/2025 16:00:00	-0.524
10/17/2025 16:00:00	-0.521
10/24/2025 16:00:00	-0.518
10/31/2025 16:00:00	-0.515
11/7/2025 16:00:00	-0.511
11/14/2025 16:00:00	-0.510
11/21/2025 16:00:00	-0.509
11/28/2025 16:00:00	-0.511
12/5/2025 16:00:00	-0.514
12/12/2025 16:00:00	-0.519
12/19/2025 16:00:00	-0.528
12/26/2025 16:00:00	-0.540
1/2/2026 16:00:00	-0.551
1/9/2026 16:00:00	-0.563
1/16/2026 16:00:00	-0.569
1/23/2026 16:00:00	-0.571
1/30/2026 16:00:00	-0.567
2/6/2026 16:00:00	-0.559
2/13/2026 16:00:00	-0.545
2/20/2026 16:00:00	-0.528
2/27/2026 16:00:00	-0.509
3/6/2026 16:00:00	-0.490
3/13/2026 16:00:00	-0.474
3/20/2026 16:00:00	-0.464
3/27/2026 16:00:00	-0.460
4/3/2026 16:00:00	-0.465
4/10/2026 16:00:00	-0.475
4/17/2026 16:00:00	-0.487
4/24/2026 16:00:00	-0.497
5/1/2026 16:00:00	-0.505
5/8/2026 16:00:00	-0.510
5/15/2026 16:00:00	-0.511
5/22/2026 16:00:00	-0.510
5/29/2026 16:00:00	-0.509
6/5/2026 16:00:00	-0.508
6/12/2026 16:00:00	-0.508
6/19/2026 16:00:00	-0.510
6/26/2026 16:00:00	-0.514
7/3/2026 16:00:00	-0.520
7/10/2026 16:00:00	-0.526
7/17/2026 16:00:00	-0.532
7/24/2026 16:00:00	-0.538
7/31/2026 16:00:00	-0.544
8/7/2026 16:00:00	-0.549
8/14/2026 16:00:00	-0.553
8/21/2026 16:00:00	-0.556
8/28/2026 16:00:00	-0.558
